UserId,OrderId,Status,OrderDate,OrderTime,ASAP,DeliveredTime,CompletionTime,Distance,RestaurantID,TotalItem,Order Value,TotalDiscount,PaymentMethod,DeviceOSType,AppType,Category
997400,760984,Delivered,5/1/18,13:07:46,TRUE,5/1/18 14:44,96.81706667,6.2,141966,4,222000,0,Cash,Web,Foody,"[Food, Lunch]"
997400,880315,Delivered,5/30/18,13:09:14,TRUE,5/30/18 13:42,33.7,6.2,141966,2,165000,0,Cash,Web,Foody,"[Food, Lunch]"
997400,876172,Delivered,5/29/18,14:51:52,TRUE,5/29/18 15:24,32.15,6.2,141966,2,190500,0,Cash,Web,Foody,"[Food, Lunch]"
997400,763694,Delivered,5/2/18,11:06:15,TRUE,5/2/18 12:01,54.97255,8.7,1630,6,213000,0,Cash,Web,Foody,[Food]
997405,773532,Delivered,5/4/18,18:35:37,TRUE,5/4/18 19:39,63.6971,4,7924,6,202500,0,Cash,iOS,Foody,"[Food, Lunch]"
997408,837616,Delivered,5/20/18,16:55:33,TRUE,5/20/18 18:13,77.85,5.8,5999,4,150000,10980,Cash,Android,Now,"[Food, Lunch]"
997408,763718,Cancel,5/2/18,11:13:15,TRUE,,,5.1,712113,2,96000,0,Cash,Android,Now,"[Food, Lunch]"
997475,763886,Delivered,5/2/18,11:49:49,TRUE,5/2/18 12:10,20.693,0.8,654699,7,180000,0,Cash,Android,Foody,"[Food, Lunch]"
997475,790776,Delivered,5/9/18,13:02:07,TRUE,5/9/18 13:47,45.418,4.4,675620,4,126000,0,Cash,Android,Foody,[Streetfood]
997475,817097,Delivered,5/15/18,21:03:00,TRUE,5/15/18 21:30,27.82126667,3.2,1630,2,189000,0,Cash,Android,Foody,[Food]
997475,797795,Delivered,5/10/18,20:20:30,TRUE,5/10/18 20:57,37.26666667,4.8,675620,2,51000,0,Cash,Android,Foody,[Streetfood]
997559,916305,Delivered,6/7/18,12:28:01,TRUE,6/7/18 13:01,33.35,2.9,643206,2,181500,0,Cash,iOS,Foody,"[Food, Lunch]"
997594,915723,Delivered,6/7/18,11:30:48,TRUE,6/7/18 12:39,68.6,7.3,690697,4,181500,16480,Cash,iOS,Foody,"[Food, Lunch]"
997595,917022,Delivered,6/7/18,13:38:47,TRUE,6/7/18 13:57,19.05,2.2,18644,2,120000,0,Cash,iOS,Foody,[Food]
997595,771523,Delivered,5/4/18,12:23:12,TRUE,5/4/18 13:15,52.33938333,2.2,18644,7,180000,0,Cash,iOS,Foody,[Food]
997595,849148,Delivered,5/23/18,13:34:43,TRUE,5/23/18 14:09,34.7401,2.2,18644,2,97500,0,Cash,iOS,Foody,[Food]
997634,842606,Delivered,5/21/18,19:31:41,TRUE,5/21/18 19:52,20.7419,2,184384,2,67500,0,External(Airpay),iOS,Now,"[Food, Lunch]"
997634,771151,Delivered,5/4/18,11:19:59,FALSE,5/4/18 13:08,108.2333333,6.6,712113,18,402000,82750,External(Airpay),iOS,Now,"[Food, Lunch]"
997634,790563,Delivered,5/9/18,12:31:46,TRUE,5/9/18 13:37,65.40583333,6.6,716439,3,180000,44900,External(Airpay),iOS,Now,"[Food, Lunch]"
997634,810452,Delivered,5/14/18,12:36:10,TRUE,5/14/18 13:17,40.96761667,4.2,722081,4,240000,51300,External(Airpay),iOS,Now,[Food]
997634,812046,Delivered,5/14/18,17:07:07,TRUE,5/14/18 17:25,17.9674,2,193789,2,67500,7500,External(Airpay),iOS,Now,[Food]
997634,814416,Delivered,5/15/18,12:52:08,TRUE,5/15/18 13:18,26.43573333,6.6,712113,6,253500,59650,External(Airpay),iOS,Now,"[Food, Lunch]"
997634,822839,Delivered,5/17/18,12:31:35,FALSE,5/17/18 13:16,45.2309,1.8,139338,8,255000,0,External(Airpay),iOS,Now,[Food]
997634,829855,Delivered,5/18/18,16:55:24,TRUE,5/18/18 17:33,38.34423333,1.3,193789,3,60000,7500,External(Airpay),iOS,Now,[Food]
997634,855310,Delivered,5/24/18,17:04:47,TRUE,5/24/18 18:07,62.6489,2.1,92284,7,210000,0,External(Airpay),iOS,Now,[Streetfood]
997634,870389,Delivered,5/28/18,12:03:22,TRUE,5/28/18 12:40,37.15,2.5,732529,2,60000,0,PayNow,iOS,Now,[Food]
997634,924948,Delivered,6/8/18,20:25:08,TRUE,6/8/18 21:03,37.9,5.6,671584,2,150000,26970,External(Airpay),iOS,Now,"[Food, Lunch]"
997660,791489,Delivered,5/9/18,14:52:08,TRUE,5/9/18 15:50,58.13333333,5.5,115022,1,45000,0,Cash,iOS,Foody,[Food]
997660,768863,Delivered,5/3/18,15:33:59,TRUE,5/3/18 16:26,52.80583333,2.2,729689,1,52500,0,Cash,iOS,Foody,[Food]
997672,885728,Delivered,5/31/18,14:29:11,TRUE,5/31/18 15:12,43.28333333,4.8,653528,16,525000,0,Cash,Web,Foody,[Food]
997692,929913,Cancel,6/10/18,00:52:25,TRUE,,,3.7,5999,2,165000,0,Cash,iOS,Now,"[Food, Lunch]"
997720,851592,Delivered,5/23/18,20:35:53,TRUE,5/23/18 21:07,31.21666667,1.7,133459,1,66000,0,Cash,Android,Now,[Food]
997730,880809,Delivered,5/30/18,14:19:55,FALSE,5/30/18 16:22,122.3833333,3.9,166031,111,1050000,0,Cash,iOS,Now,"[Food, Lunch]"
997730,796459,Cancel,5/10/18,16:22:31,FALSE,,,3.9,166031,78,735000,0,Cash,iOS,Now,"[Food, Lunch]"
997730,799893,Delivered,5/11/18,14:08:50,FALSE,5/11/18 16:28,139.2818833,3.9,166031,78,735000,0,Cash,iOS,Now,"[Food, Lunch]"
997807,841176,Delivered,5/21/18,14:59:17,TRUE,5/21/18 15:51,52.1771,2.6,737884,3,138000,0,Cash,iOS,Now,[Food]
997807,928225,Delivered,6/9/18,17:30:25,TRUE,6/9/18 17:50,19.73333333,2.9,16336,12,195750,0,Cash,iOS,Now,[Food]
997807,780587,Delivered,5/6/18,18:12:28,TRUE,5/6/18 19:47,94.7375,5.6,691632,6,291000,0,Credit,Web,Now,[Food]
997807,787468,Delivered,5/8/18,15:15:04,FALSE,5/8/18 17:52,157.4181667,7,17897,3,240000,0,Credit,Web,Now,[Food]
997807,793920,Delivered,5/10/18,10:44:30,FALSE,5/10/18 11:44,59.81866667,4.4,1630,10,294000,0,Credit,Web,Now,[Food]
997807,843320,Delivered,5/22/18,01:43:54,TRUE,5/22/18 10:56,552.2992833,2.6,596,7,840000,0,Cash,iOS,Now,"[Food, Lunch]"
997812,917976,Delivered,6/7/18,15:23:53,TRUE,6/7/18 15:45,21.48333333,2.2,658743,17,759000,0,Cash,Web,Now,[Streetfood]
997812,918473,Delivered,6/7/18,16:20:44,TRUE,6/7/18 16:49,28.6,2.2,658743,11,240000,0,Cash,Web,Now,[Streetfood]
997812,820463,Cancel,5/31/18,15:15:48,TRUE,,,2.1,40982,9,540000,0,Cash,Web,Now,[Food]
997812,824251,Delivered,6/1/18,13:07:11,FALSE,6/1/18 15:32,145.4333333,2.1,40982,9,690000,0,Cash,Web,Now,[Food]
997812,708363,Cancel,5/2/18,15:20:47,TRUE,,,1.8,277601,11,600000,0,Cash,Web,Now,"[Food, Lunch]"
997812,725332,Delivered,5/7/18,15:11:12,TRUE,5/7/18 16:19,68.14838333,6.9,695027,12,660000,50000,Cash,Web,Now,[Food]
997812,736925,Delivered,5/10/18,15:15:23,TRUE,5/10/18 16:23,67.69828333,4.8,709934,14,585000,0,Cash,Web,Now,"[Food, Lunch]"
997812,751246,Delivered,5/14/18,15:12:34,FALSE,5/14/18 16:10,58.2724,4.6,666171,33,405000,22320,Cash,Web,Now,[Streetfood]
997812,807082,Delivered,5/28/18,15:16:10,TRUE,5/28/18 17:05,109.3942167,2.7,49229,16,420000,0,Cash,Web,Now,[Food]
997819,725849,Delivered,5/7/18,16:59:04,TRUE,5/7/18 17:35,35.98278333,1.1,709624,4,120000,0,Cash,iOS,Now,[Food]
1041235,712461,Delivered,5/3/18,17:34:56,TRUE,5/3/18 18:04,29.65678333,2.1,96430,1,48000,0,Cash,iOS,Now,[Food]
1041235,757480,Delivered,5/16/18,12:09:26,TRUE,5/16/18 12:33,24.12128333,4.2,690697,2,81000,0,Cash,iOS,Now,"[Food, Lunch]"
1041238,762599,Delivered,5/17/18,14:13:02,TRUE,5/17/18 14:57,44.45961667,2.8,666516,10,217500,0,Cash,Web,Now,[Food]
1041255,704331,Delivered,5/1/18,12:30:37,TRUE,5/1/18 13:44,73.96905,9.7,207545,3,435000,0,Cash,Android,Foody,[Food]
1041260,767933,Delivered,5/18/18,15:48:46,TRUE,5/18/18 16:21,32.40566667,2.4,30355,1,225000,0,Cash,Android,Foody,[Food]
1041260,783445,Delivered,5/22/18,16:55:10,TRUE,5/22/18 17:49,54.55126667,1,108191,1,180000,0,Cash,Android,Foody,[Food]
1041260,836767,Delivered,6/4/18,16:16:12,TRUE,6/4/18 16:50,34.18333333,4.4,692682,11,60000,0,Cash,Android,Foody,[Food]
1041260,752605,Delivered,5/14/18,20:23:57,TRUE,5/14/18 21:36,72.54433333,11.7,703292,1,208500,0,Cash,Android,Foody,[Food]
1041260,759475,Delivered,5/16/18,17:12:55,FALSE,5/16/18 18:11,58.35821666,5.5,219763,4,120000,0,Cash,Android,Foody,[Food]
1041334,714500,Delivered,5/4/18,12:55:21,TRUE,5/4/18 14:03,68.53333333,3.4,5999,2,165000,9525,Cash,Web,Foody,"[Food, Lunch]"
1041338,706361,Delivered,5/1/18,20:06:26,TRUE,5/1/18 21:21,74.61416667,4.1,249225,9,1086000,50000,Cash,iOS,Foody,[Food]
1041344,704729,Delivered,5/1/18,13:45:17,TRUE,5/1/18 14:41,56.58333333,2.4,657531,6,228000,0,Cash,iOS,Now,"[Food, Lunch]"
1041344,819472,Delivered,5/31/18,13:16:18,TRUE,5/31/18 14:08,52.36666667,2.4,657531,3,97500,0,Cash,iOS,Now,"[Food, Lunch]"
1041344,819488,Delivered,5/31/18,13:18:25,TRUE,5/31/18 13:37,18.64705,0.5,657531,1,37500,0,Cash,iOS,Now,"[Food, Lunch]"
1041357,721470,Delivered,5/6/18,13:43:59,TRUE,5/6/18 14:32,48.55555,2.7,273297,3,175500,23100,External(Airpay),iOS,Now,"[Food, Lunch]"
1041357,715723,Delivered,5/4/18,16:49:20,TRUE,5/4/18 17:33,44.3061,1.4,716948,1,52500,10000,External(Airpay),iOS,Now,"[Food, Lunch]"
1041415,828094,Delivered,6/2/18,12:48:15,TRUE,6/2/18 13:26,38.41666667,3.3,175423,6,225000,0,Cash,iOS,Now,[Food]
1041439,786152,Delivered,5/23/18,13:32:13,TRUE,5/23/18 14:02,30.62778333,2.3,690697,1,48000,0,Cash,iOS,Now,"[Food, Lunch]"
1041477,708151,Cancel,5/2/18,14:41:28,TRUE,,,3.2,712113,3,82500,17750,Cash,Web,Now,"[Food, Lunch]"
1041477,708910,Delivered,5/2/18,17:21:11,TRUE,5/2/18 18:25,64.3769,3.8,128374,3,157500,18600,Cash,Web,Now,[Food]
1041477,711517,Delivered,5/3/18,14:43:26,TRUE,5/3/18 15:04,20.63433333,3.2,712113,6,154500,29750,Cash,Web,Now,"[Food, Lunch]"
1041477,718481,Cancel,5/5/18,14:57:25,TRUE,,,4.3,643206,2,201000,19975,Cash,Web,Now,"[Food, Lunch]"
1041477,718489,Delivered,5/5/18,14:59:26,FALSE,5/5/18 16:27,88.40816667,3.7,698322,14,156000,15775,Cash,Web,Now,[Food]
1041477,861905,Delivered,6/10/18,12:59:32,TRUE,6/10/18 13:47,48.06666667,4.3,643206,2,181500,27500,External(Airpay),iOS,Now,"[Food, Lunch]"
1041494,821710,Delivered,5/31/18,18:10:46,FALSE,5/31/18 19:32,81.53383333,1,175926,59,1351500,0,Cash,Web,Now,[Streetfood]
1041502,772734,Cancel,5/19/18,19:48:10,TRUE,,,0.1,249832,3,544500,0,Cash,iOS,Foody,"[Food, Lunch]"
1041502,772741,Cancel,5/19/18,19:49:23,TRUE,,,0.1,249832,3,544500,0,Cash,iOS,Foody,"[Food, Lunch]"
1041502,772891,Cancel,5/19/18,20:43:38,TRUE,,,0.3,249832,2,540000,0,Cash,iOS,Foody,"[Food, Lunch]"
1041502,716796,Cancel,5/4/18,21:14:59,TRUE,,,0.1,249832,4,597000,0,Cash,iOS,Foody,"[Food, Lunch]"
1041502,753003,Cancel,5/14/18,23:32:42,TRUE,,,2.7,36949,4,412500,0,Cash,iOS,Foody,[Food]
1041502,788403,Delivered,5/23/18,20:29:00,TRUE,5/23/18 20:56,27.57428333,0.1,249832,1,270000,0,Cash,iOS,Foody,"[Food, Lunch]"
1041502,817952,Cancel,5/30/18,22:39:20,TRUE,,,0.2,100446,4,210000,0,Cash,iOS,Foody,[Food]
1041502,817991,Delivered,5/30/18,23:57:02,TRUE,5/31/18 00:32,35.18333333,4.6,104612,4,180000,0,Cash,iOS,Foody,[Food]
1041502,827750,Delivered,6/2/18,11:52:28,TRUE,6/2/18 12:37,44.96666667,1.1,270023,2,177000,0,Cash,iOS,Foody,[Food]
1041518,860494,Delivered,6/9/18,20:45:34,TRUE,6/9/18 21:05,19.5,1,141931,1,45000,0,Cash,Web,Now,"[Food, Lunch]"
1041523,709558,Delivered,5/2/18,20:14:27,TRUE,5/2/18 20:37,23.52233334,1.4,104612,2,75000,0,Cash,iOS,Foody,[Food]
1041523,780059,Delivered,5/21/18,19:18:26,TRUE,5/21/18 19:53,35.37855,1.4,104612,3,120000,0,Cash,iOS,Foody,[Food]
1041536,709216,Delivered,5/2/18,18:44:33,TRUE,5/2/18 19:20,35.998,4.3,673775,6,181500,0,Cash,iOS,Foody,"[Food, Lunch]"
1041536,764722,Delivered,5/17/18,19:12:26,TRUE,5/17/18 19:53,40.68416667,4.3,673775,4,168000,0,Cash,iOS,Foody,"[Food, Lunch]"
1041548,716894,Delivered,5/4/18,21:46:31,TRUE,5/4/18 23:01,75.20761667,11.5,667429,3,157500,0,Cash,iOS,Now,[Food]
1041560,839553,Delivered,6/5/18,12:56:06,TRUE,6/5/18 13:24,28.31666667,0.8,80140,3,112500,0,Cash,iOS,Now,[Food]
1041561,792658,Delivered,5/24/18,19:39:57,TRUE,5/24/18 20:08,28.23061667,1.3,736421,3,169500,0,Cash,iOS,Foody,[Food]
1041564,847083,Cancel,6/6/18,21:38:29,TRUE,,,3.3,103801,17,225000,0,Cash,iOS,Now,[Streetfood]
1041564,860748,Delivered,6/9/18,21:37:35,TRUE,6/9/18 22:05,27.91666667,3.3,103801,17,225000,0,Cash,iOS,Now,[Streetfood]
1041564,842817,Cancel,6/5/18,23:03:10,FALSE,,,3.3,103801,17,225000,0,Cash,iOS,Now,[Streetfood]
1041573,733909,Delivered,5/9/18,18:30:34,TRUE,5/9/18 19:11,40.75483333,3.1,652563,8,285000,0,Cash,Web,Foody,"[Food, Lunch]"
1041689,728655,Cancel,5/8/18,14:14:29,TRUE,,,5.9,724447,3,84000,10000,External(Airpay),iOS,Now,"[Food, Lunch]"
1041689,728677,Delivered,5/8/18,14:18:15,TRUE,5/8/18 16:48,150.5112167,6.7,724447,4,166500,20343,External(Airpay),iOS,Now,"[Food, Lunch]"
1041705,737768,Cancel,5/10/18,17:31:20,FALSE,,,5.9,104612,3,117000,0,Cash,Web,Now,[Food]
1041744,851012,Delivered,6/7/18,18:06:53,TRUE,6/7/18 18:26,19.11666667,1,643999,3,88500,7500,External(Airpay),Android,Now,[Food]
1041744,716524,Cancel,5/4/18,20:04:25,TRUE,,,0.4,163143,1,120000,0,External(Airpay),Android,Now,[Food]
1041744,716663,Delivered,5/4/18,20:39:40,TRUE,5/4/18 21:25,45.32288333,0.4,163143,1,120000,0,External(Airpay),Android,Now,[Food]
1041813,847939,Delivered,6/7/18,11:47:44,TRUE,6/7/18 12:04,16.55,2.5,634229,4,120000,0,Cash,iOS,Now,[Food]
1041820,792385,Delivered,5/24/18,18:45:29,TRUE,5/24/18 19:01,16.127,0.7,187410,3,130500,0,Cash,iOS,Now,[Food]
1041831,787834,Delivered,5/23/18,18:19:26,TRUE,5/23/18 19:01,42.41816667,2.3,14891,2,214500,0,Cash,Android,Now,"[Food, Lunch]"
1041831,805737,Delivered,5/28/18,11:47:24,TRUE,5/28/18 12:11,23.88333333,1.6,542,6,205500,0,Cash,Android,Now,[Food]
1041874,750102,Delivered,5/14/18,11:58:53,TRUE,5/14/18 12:36,38.07961667,3.7,690697,7,301500,22320,Cash,Android,Foody,"[Food, Lunch]"
1041874,719225,Delivered,5/5/18,17:54:35,TRUE,5/5/18 18:15,21.25828333,0.4,690635,1,90000,0,Cash,Android,Foody,[Food]
1041874,753498,Delivered,5/15/18,11:40:57,TRUE,5/15/18 12:24,43.93333333,3.7,690697,6,175500,13920,Cash,Android,Foody,"[Food, Lunch]"
1041874,777533,Delivered,5/21/18,11:37:37,TRUE,5/21/18 12:31,53.65,3.7,690697,7,292500,21720,Cash,Android,Foody,"[Food, Lunch]"
1041938,732285,Delivered,5/9/18,13:28:46,TRUE,5/9/18 13:49,20.29271667,0.9,90881,2,60000,0,Cash,iOS,Now,[Food]
1041946,828463,Delivered,6/2/18,13:48:21,TRUE,6/2/18 14:08,20.43333333,1.3,712113,1,52500,10000,External(Airpay),iOS,Now,"[Food, Lunch]"
1041946,853939,Delivered,6/8/18,13:43:07,TRUE,6/8/18 14:16,32.88333333,3.2,3057,4,169500,26550,External(Airpay),iOS,Now,[Food]
1041946,707259,Delivered,5/2/18,11:55:39,TRUE,5/2/18 13:05,69.45106667,0.7,183188,2,75000,7500,External(Airpay),iOS,Now,"[Food, Lunch]"
1041946,710452,Delivered,5/3/18,11:45:23,TRUE,5/3/18 12:15,30.35995,1.2,692320,3,42000,7500,External(Airpay),iOS,Now,"[Food, Lunch]"
1041946,713958,Delivered,5/4/18,11:20:10,FALSE,5/4/18 12:42,82.8,0.8,712113,3,151500,32750,External(Airpay),iOS,Now,"[Food, Lunch]"
1041946,753495,Delivered,5/15/18,11:40:23,TRUE,5/15/18 11:53,13.1995,0.8,712099,1,48000,7500,External(Airpay),iOS,Now,"[Food, Lunch]"
1041946,757164,Delivered,5/16/18,11:22:46,TRUE,5/16/18 11:52,29.78645,0.8,712113,4,228000,34100,External(Airpay),iOS,Now,"[Food, Lunch]"
1041946,766381,Delivered,5/18/18,12:08:57,TRUE,5/18/18 12:23,14.55443333,0.7,183188,1,37500,7500,External(Airpay),iOS,Now,"[Food, Lunch]"
1041946,777700,Delivered,5/21/18,12:05:08,TRUE,5/21/18 12:27,22.74478333,0.8,712113,1,52500,7500,External(Airpay),iOS,Now,"[Food, Lunch]"
1041946,781408,Delivered,5/22/18,11:55:09,TRUE,5/22/18 12:25,30.23533334,0.8,712092,2,115500,26750,External(Airpay),iOS,Now,"[Food, Lunch]"
1041946,805774,Delivered,5/28/18,11:53:56,TRUE,5/28/18 12:04,10.51666667,0.7,183188,1,37500,10000,External(Airpay),iOS,Now,"[Food, Lunch]"
1041946,724179,Delivered,5/7/18,11:41:16,TRUE,5/7/18 12:10,29.48516666,0.7,183188,1,37500,7500,External(Airpay),iOS,Now,"[Food, Lunch]"
1041946,727755,Delivered,5/8/18,11:56:12,TRUE,5/8/18 12:38,42.31573333,1.2,692320,1,43500,7500,External(Airpay),iOS,Now,"[Food, Lunch]"
1041946,735360,Delivered,5/10/18,11:42:32,TRUE,5/10/18 11:59,16.50061667,0.8,712099,1,30000,7500,External(Airpay),iOS,Now,"[Food, Lunch]"
1041946,739605,Delivered,5/11/18,11:34:04,FALSE,5/11/18 12:09,34.95678333,0.7,183188,1,37500,7500,External(Airpay),iOS,Now,"[Food, Lunch]"
1042005,714693,Delivered,5/4/18,13:29:18,TRUE,5/4/18 14:55,85.867,9.5,712113,3,150000,36875,Cash,iOS,Now,"[Food, Lunch]"
1042007,856343,Delivered,6/8/18,20:24:03,TRUE,6/8/18 21:05,41.58333333,5.2,10159,7,183000,0,Cash,Android,Now,[Food]
1042016,855275,Delivered,6/8/18,16:52:04,TRUE,6/8/18 17:10,18.73333333,2.4,6591,1,97500,0,Cash,iOS,Foody,"[Food, Lunch]"
1042053,862644,Delivered,6/10/18,15:07:44,TRUE,6/10/18 15:36,28.35,1.3,184384,1,60000,0,Cash,Android,Foody,"[Food, Lunch]"
1042103,846929,Delivered,6/6/18,21:01:35,TRUE,6/6/18 21:49,48.33333333,7.5,667429,3,157500,0,Cash,Android,Foody,[Food]
1042103,836390,Delivered,6/4/18,15:13:28,TRUE,6/4/18 15:39,25.81666667,4,712113,6,222000,0,Cash,Android,Foody,"[Food, Lunch]"
1042103,792595,Cancel,5/24/18,19:26:56,TRUE,,,7.5,667429,3,120000,0,Cash,Android,Foody,[Food]
1042103,823048,Delivered,5/31/18,23:50:30,TRUE,6/1/18 00:32,41.9,7.3,667429,6,232500,0,Cash,Android,Foody,[Food]
1042103,850012,Delivered,6/7/18,15:38:43,TRUE,6/7/18 16:21,42.43333333,4,712113,7,199500,0,Cash,Android,Foody,"[Food, Lunch]"
1042103,792599,Delivered,5/24/18,19:27:54,TRUE,5/24/18 20:28,60.57633333,7.5,667429,3,120000,0,Cash,Android,Foody,[Food]
1042137,705272,Delivered,5/1/18,15:50:44,TRUE,5/1/18 17:02,71.86888334,6.4,294489,1,135000,0,Cash,iOS,Now,[Food]
1042141,844472,Delivered,6/6/18,14:08:19,FALSE,6/6/18 15:16,68.45,2.4,16336,16,441000,0,Cash,Android,Now,[Food]
1042166,768922,Delivered,5/18/18,19:10:20,FALSE,5/18/18 19:53,43.30678333,3.3,1630,10,454500,0,PayNow,Web,Foody,[Food]
1042214,726399,Delivered,5/7/18,19:17:52,TRUE,5/7/18 20:03,45.46755,3.2,5161,7,412500,0,Cash,iOS,Foody,[Food]
1042214,722092,Delivered,5/6/18,15:56:09,TRUE,5/6/18 16:25,29.04588333,3.6,85879,4,48000,0,Cash,iOS,Now,[Food]
1042214,710848,Delivered,5/3/18,12:48:58,TRUE,5/3/18 13:25,36.76628333,4.2,85879,7,72000,0,Cash,iOS,Now,[Food]
1042214,781658,Delivered,5/22/18,12:24:23,TRUE,5/22/18 13:22,57.75688334,4,85879,6,60000,0,Cash,iOS,Now,[Food]
1042214,774971,Delivered,5/20/18,15:03:16,TRUE,5/20/18 15:47,44.03083334,1.8,45021,3,322500,0,Cash,iOS,Now,[Food]
1042214,707411,Delivered,5/2/18,12:22:12,TRUE,5/2/18 13:03,41.74561667,4.2,85879,9,96000,0,Cash,iOS,Now,[Food]
1042235,825758,Delivered,6/1/18,16:54:41,TRUE,6/1/18 17:19,25.23333333,0.9,1630,4,360000,0,Cash,iOS,Foody,[Food]
1042279,808691,Delivered,5/28/18,21:01:35,TRUE,5/28/18 21:24,22.43333333,1.5,712891,6,187500,0,Cash,Android,Foody,"[Food, Lunch]"
1042486,749004,Delivered,5/13/18,19:46:37,TRUE,5/13/18 20:08,21.62421666,1.6,269384,4,130500,0,Cash,iOS,Foody,[Food]
1042490,759302,Cancel,5/16/18,16:39:08,TRUE,,,4.3,216531,9,120000,0,Cash,Android,Foody,[Food]
1042501,784694,Cancel,5/22/18,21:42:08,TRUE,,,4.1,84211,11,105000,10000,External(Airpay),Android,Now,[Food]
1042501,784800,Delivered,5/22/18,22:41:00,TRUE,5/22/18 23:17,36.66666667,3.5,740946,3,67500,0,External(Airpay),Android,Now,[Food]
1042512,742453,Delivered,5/11/18,20:14:43,FALSE,5/11/18 20:45,31.19928333,0.4,707669,4,307500,0,Credit,iOS,Now,[Food]
1042522,860158,Cancel,6/9/18,19:50:17,TRUE,,,1.7,673775,1,85500,0,Cash,Android,Now,"[Food, Lunch]"
1042543,720115,Delivered,5/5/18,21:17:28,TRUE,5/5/18 21:41,23.94888333,1.7,730518,2,45000,0,Cash,iOS,Now,"[Food, Drink]"
1042547,842912,Delivered,6/6/18,09:34:24,FALSE,6/6/18 10:30,56.03333333,3,128890,10,69000,0,Cash,Web,Now,[Food]
1042547,721589,Delivered,5/6/18,14:05:22,TRUE,5/6/18 14:42,37.05,5.2,98973,3,136500,0,Cash,Web,Now,"[Food, Lunch]"
1042572,807963,Delivered,5/28/18,18:11:28,TRUE,5/28/18 18:43,31.75,4,12289,3,211500,41250,Cash,iOS,Now,"[Food, Lunch]"
1042594,835574,Delivered,6/4/18,12:55:29,TRUE,6/4/18 13:18,22.91666667,0.5,7834,2,52500,0,Cash,iOS,Foody,[Food]
1042595,757850,Delivered,5/16/18,12:57:17,TRUE,5/16/18 13:31,34.09545,3.9,5999,1,72000,0,Cash,Android,Foody,"[Food, Lunch]"
1042595,844662,Delivered,6/6/18,14:34:35,TRUE,6/6/18 14:56,22.18333333,3.9,5999,2,154500,0,Cash,Android,Foody,"[Food, Lunch]"
1042595,765409,Delivered,5/17/18,21:26:05,TRUE,5/17/18 22:09,43.25276666,3.9,5999,2,154500,9480,Cash,Android,Foody,"[Food, Lunch]"
1042609,812471,Delivered,5/29/18,18:13:06,TRUE,5/29/18 19:39,86.46666667,3.4,698322,14,156000,12780,Cash,iOS,Now,[Food]
1042620,841646,Delivered,6/5/18,18:10:35,TRUE,6/5/18 18:52,42.2,5.5,90049,2,255000,0,Cash,Android,Now,[Food]
1042620,845461,Delivered,6/6/18,16:22:41,TRUE,6/6/18 17:07,44.81666667,6.6,90049,3,238500,0,Cash,Android,Now,[Food]
1042620,726093,Delivered,5/7/18,18:03:26,TRUE,5/7/18 19:21,77.56816667,5.5,90049,4,274500,0,Cash,Web,Foody,[Food]
1042620,712730,Delivered,5/3/18,18:38:14,TRUE,5/3/18 19:11,33.49788333,5.5,90049,4,277500,0,Cash,Web,Now,[Food]
1042620,796140,Delivered,5/25/18,17:01:55,FALSE,5/25/18 18:09,68.03333333,5.2,735880,2,150000,22960,Cash,Web,Foody,"[Food, Lunch]"
1042657,839628,Delivered,6/5/18,13:06:18,TRUE,6/5/18 13:36,29.96666667,2.3,663335,4,307500,27500,Cash,Web,Now,[Food]
1042689,759378,Delivered,5/16/18,16:53:50,TRUE,5/16/18 17:32,38.21466666,2.6,276341,3,171000,0,Cash,iOS,Now,"[Food, Drink]"
1042689,767090,Delivered,5/18/18,13:44:36,TRUE,5/18/18 14:10,25.92476667,2.6,276341,4,247500,0,Cash,iOS,Now,"[Food, Drink]"
1042689,740367,Delivered,5/11/18,13:31:28,TRUE,5/11/18 14:09,37.91083333,5.2,3988,2,88500,0,Cash,iOS,Now,"[Food, Lunch]"
1042734,840258,Delivered,6/5/18,14:35:51,TRUE,6/5/18 14:57,22.06666667,2.5,687003,2,178500,23450,Cash,Android,Now,[Food]
1042734,846431,Delivered,6/6/18,19:25:41,TRUE,6/6/18 20:35,69.8,2.5,687003,4,283500,27500,External(Airpay),Android,Now,[Food]
1042765,712118,Delivered,5/3/18,16:21:28,TRUE,5/3/18 17:02,40.77738334,3.1,3244,3,138000,0,Cash,Web,Now,"[Food, Lunch]"
1043041,728240,Delivered,5/8/18,13:03:42,TRUE,5/8/18 14:00,56.84716667,2.5,120760,4,305250,0,Cash,Android,Now,"[Food, Lunch]"
1043065,850631,Delivered,6/7/18,17:00:47,FALSE,6/7/18 17:45,44.55,3.6,680256,3,265500,10800,External(Airpay),iOS,Foody,[Food]
1043086,780943,Delivered,5/22/18,10:22:10,FALSE,5/22/18 12:15,113.27995,6.5,716439,7,330000,50000,Cash,Web,Now,"[Food, Lunch]"
1043086,847487,Delivered,6/7/18,10:33:26,FALSE,6/7/18 12:29,116,7.1,716439,6,315000,48840,Cash,Web,Now,"[Food, Lunch]"
1043086,834884,Delivered,6/4/18,10:52:09,FALSE,6/4/18 12:32,100.4,4.8,693831,8,315000,0,Cash,Web,Now,"[Food, Lunch]"
1043086,838616,Cancel,6/5/18,10:26:30,TRUE,,,4.8,693831,7,240000,0,Cash,Web,Now,"[Food, Lunch]"
1043086,838711,Delivered,6/5/18,10:54:45,FALSE,6/5/18 12:29,95.06666667,4.8,693831,7,240000,0,Cash,Web,Now,"[Food, Lunch]"
1043086,843047,Delivered,6/6/18,10:33:05,FALSE,6/6/18 11:40,67.65,3.1,734373,4,237000,22075,Cash,Web,Now,[Food]
1043086,785073,Delivered,5/23/18,10:45:32,FALSE,5/23/18 12:03,77.98233333,5.7,716439,8,367500,48860,Cash,Web,Now,"[Food, Lunch]"
1043086,793586,Delivered,5/25/18,10:35:10,FALSE,5/25/18 12:06,91.46616667,4.4,3163,7,225000,17500,Cash,Web,Now,"[Food, Lunch]"
1043086,809256,Delivered,5/29/18,10:35:02,FALSE,5/29/18 12:02,87.43333333,2,690697,8,325500,50000,Cash,Web,Now,"[Food, Lunch]"
1043086,813935,Cancel,5/30/18,10:20:14,FALSE,,,5.7,716439,6,315000,50000,Cash,Web,Now,"[Food, Lunch]"
1043086,813953,Delivered,5/30/18,10:25:39,FALSE,5/30/18 12:35,129.9819333,5.7,716439,6,315000,50000,Cash,Web,Now,"[Food, Lunch]"
1043086,707051,Cancel,5/2/18,11:05:03,FALSE,,,5.7,716439,8,390000,72125,Cash,Web,Now,"[Food, Lunch]"
1043086,713821,Delivered,5/4/18,10:46:40,FALSE,5/4/18 12:54,127.4536167,5,693831,10,391500,0,Cash,Web,Now,"[Food, Lunch]"
1043086,723952,Delivered,5/7/18,10:40:53,FALSE,5/7/18 12:40,119.23695,5.7,716439,10,517500,75000,Cash,Web,Now,"[Food, Lunch]"
1043086,723957,Delivered,5/7/18,10:42:19,FALSE,5/7/18 12:41,119.6292167,5.7,716439,10,502500,75000,Cash,Web,Now,"[Food, Lunch]"
1043086,727399,Delivered,5/8/18,10:46:44,FALSE,5/8/18 12:12,85.64111667,5.7,712113,11,447000,75000,Cash,Web,Now,"[Food, Lunch]"
1043086,727405,Cancel,5/8/18,10:48:36,TRUE,,,5.7,712113,12,549000,75000,Cash,Web,Now,"[Food, Lunch]"
1043086,727413,Delivered,5/8/18,10:50:42,FALSE,5/8/18 12:12,81.60478333,5.7,712113,12,549000,75000,Cash,Web,Now,"[Food, Lunch]"
1043086,749818,Delivered,5/14/18,10:54:41,FALSE,5/14/18 12:08,74.0245,3.3,734373,18,825000,85470,Cash,Web,Now,[Food]
1043086,753238,Delivered,5/15/18,10:44:02,FALSE,5/15/18 12:29,105.8178833,2.2,690697,13,543000,37700,Cash,Web,Now,"[Food, Lunch]"
1043086,777325,Delivered,5/21/18,10:49:53,FALSE,5/21/18 11:34,44.9995,5.7,712113,9,420000,54985,Cash,Web,Now,"[Food, Lunch]"
1043086,777494,Delivered,5/21/18,11:30:39,TRUE,5/21/18 12:33,63.01438334,5.7,712113,6,244500,34510,Cash,Web,Now,"[Food, Lunch]"
1043106,787235,Delivered,5/23/18,16:14:41,TRUE,5/23/18 16:34,19.4931,1,16336,27,204750,0,Cash,Web,Now,[Food]
1043155,725781,Cancel,5/7/18,16:43:32,TRUE,,,0.7,662608,2,75000,0,Cash,iOS,Now,[Food]
1043155,729171,Delivered,5/8/18,15:31:07,TRUE,5/8/18 16:26,55.47178333,5.2,90881,2,60000,0,Cash,iOS,Now,[Food]
1043171,828099,Delivered,6/2/18,12:49:21,TRUE,6/2/18 13:20,31.56666667,2.5,1777,6,165000,0,Cash,iOS,Now,"[Food, Lunch]"
1043171,728151,Delivered,5/8/18,12:51:04,TRUE,5/8/18 13:17,26.267,2.5,1777,10,373500,0,Cash,iOS,Now,"[Food, Lunch]"
1043171,781904,Delivered,5/22/18,12:53:48,TRUE,5/22/18 13:29,35.70833333,2.5,1777,6,226500,0,Cash,iOS,Now,"[Food, Lunch]"
1043180,752660,Delivered,5/14/18,20:37:20,FALSE,5/14/18 21:15,38.43605,5,3616,10,168000,10000,External(Airpay),iOS,Foody,[Food]
1043203,762943,Delivered,5/17/18,14:58:31,TRUE,5/17/18 15:30,31.81183333,2.7,740929,4,30000,0,Cash,iOS,Foody,"[Food, Lunch]"
1043203,785257,Delivered,5/23/18,11:25:51,TRUE,5/23/18 11:53,28.08333333,2.4,712113,6,205500,26600,Cash,iOS,Foody,"[Food, Lunch]"
1043253,760004,Delivered,5/16/18,19:14:08,TRUE,5/16/18 20:12,58.43333333,7.4,103801,4,120000,0,External(Airpay),iOS,Now,[Streetfood]
1043253,784923,Delivered,5/23/18,09:51:39,TRUE,5/23/18 10:44,53.03906666,6.1,31310,2,210000,0,External(Airpay),iOS,Now,"[Food, Lunch]"
1043258,765049,Delivered,5/17/18,20:12:28,TRUE,5/17/18 20:43,31.08716667,4.9,737118,2,202500,0,Cash,iOS,Foody,[Food]
1043298,717927,Delivered,5/5/18,13:12:06,TRUE,5/5/18 13:58,46.63333333,1.1,696686,6,225000,16500,Cash,iOS,Now,"[Food, Lunch]"
1043298,743670,Delivered,5/12/18,12:34:47,FALSE,5/12/18 13:15,40.29438334,5.4,734214,9,838500,147850,Cash,iOS,Now,"[Food, Lunch]"
1043322,732114,Delivered,5/9/18,13:00:12,TRUE,5/9/18 14:12,72.3389,8.7,629623,4,600000,0,Cash,iOS,Now,[Food]
1043322,706090,Cancel,5/1/18,19:05:14,TRUE,,,8.7,629623,7,637500,0,Cash,iOS,Now,[Food]
1043385,777843,Delivered,5/21/18,12:24:55,TRUE,5/21/18 13:16,52.04245,5.6,141966,1,87000,0,Cash,Android,Now,"[Food, Lunch]"
1043386,830511,Cancel,6/2/18,20:12:12,TRUE,,,1.1,648851,2,165000,0,Cash,iOS,Now,[Food]
1043396,751171,Delivered,5/14/18,14:59:31,TRUE,5/14/18 15:40,41.35,4.5,77383,16,180000,0,Cash,Web,Now,[Food]
1043419,749821,Delivered,5/14/18,10:56:00,TRUE,5/14/18 11:27,31.62576667,3,721428,2,105000,0,Cash,iOS,Now,[Food]
1043419,750678,Delivered,5/14/18,13:29:11,TRUE,5/14/18 14:08,39.47176667,1.9,120760,3,280500,0,Cash,iOS,Now,"[Food, Lunch]"
1043427,748490,Delivered,5/13/18,17:46:22,TRUE,5/13/18 18:54,67.71666667,7.6,710482,16,1215000,0,Cash,iOS,Now,[Food]
1043427,833720,Delivered,6/3/18,18:45:30,TRUE,6/3/18 19:56,70.93333333,7.6,710482,33,2430000,0,Cash,iOS,Now,[Food]
1043427,776119,Delivered,5/3/18,12:50:00,TRUE,5/3/18 14:08,78.30406667,4.3,703887,22,690000,0,Cash,iOS,Now,[Food]
1043434,792649,Delivered,5/7/18,17:36:57,TRUE,5/7/18 18:50,73.19495,8.9,2647,11,390000,0,Cash,iOS,Now,[Food]
1043434,836326,Delivered,5/18/18,11:10:49,TRUE,5/18/18 12:25,74.95445,6.2,4549,3,352500,0,Cash,iOS,Now,[Food]
1043434,921073,Delivered,6/6/18,12:10:23,TRUE,6/6/18 12:39,28.91666667,3.3,5100,2,420000,0,Cash,iOS,Now,[Food]
1043434,940594,Delivered,6/10/18,11:59:01,TRUE,6/10/18 12:33,34.81666667,5.7,12465,10,343500,0,Cash,iOS,Now,[Food]
1043451,898686,Delivered,6/1/18,09:34:05,TRUE,6/1/18 10:08,34.75,2.4,293929,2,60000,0,Cash,iOS,Now,[Streetfood]
1043465,857842,Delivered,5/23/18,12:29:17,TRUE,5/23/18 13:00,31.0435,3,5999,3,196500,18825,External(Airpay),Web,Now,"[Food, Lunch]"
1043465,826378,Delivered,5/16/18,10:09:56,TRUE,5/16/18 10:36,26.814,1.6,639334,2,231000,38300,External(Airpay),Web,Now,[Food]
1043465,831597,Delivered,5/17/18,12:15:46,TRUE,5/17/18 12:58,42.79188333,1.6,639334,2,231000,38300,External(Airpay),Web,Now,[Food]
1043465,836219,Cancel,5/18/18,10:48:37,TRUE,,,4,714722,4,262500,45800,External(Airpay),Web,Now,"[Food, Lunch]"
1043465,836224,Delivered,5/18/18,10:49:37,TRUE,5/18/18 12:43,113.5781167,4,714722,4,262500,45800,External(Airpay),Web,Now,"[Food, Lunch]"
1043465,849121,Delivered,5/21/18,12:07:37,TRUE,5/21/18 12:39,31.56505,3,5999,4,283500,23175,External(Airpay),Web,Now,"[Food, Lunch]"
1043466,817936,Delivered,5/13/18,20:19:45,TRUE,5/13/18 20:43,23.4,1.2,187895,1,33000,0,Cash,iOS,Foody,[Food]
1043466,797345,Delivered,5/8/18,19:19:44,TRUE,5/8/18 20:03,43.90033333,1.1,187895,1,33000,0,Cash,iOS,Foody,[Food]
1043466,825113,Delivered,5/15/18,17:54:07,TRUE,5/15/18 18:13,19.52083333,1.1,187895,1,33000,0,Cash,iOS,Foody,[Food]
1043477,792943,Cancel,5/7/18,18:45:48,TRUE,,,0.3,3163,4,201000,0,Cash,iOS,Foody,"[Food, Lunch]"
1043477,792967,Delivered,5/7/18,18:51:08,TRUE,5/7/18 19:27,36.30671666,0.3,3163,4,150000,0,Cash,iOS,Foody,"[Food, Lunch]"
1043498,833655,Delivered,5/17/18,16:09:17,TRUE,5/17/18 16:55,46.54755,3.6,40982,3,150000,18240,Cash,iOS,Now,[Food]
1043498,899803,Delivered,6/1/18,12:52:29,TRUE,6/1/18 13:37,45.35,2.3,542,9,358500,0,Cash,iOS,Now,[Food]
1043514,913570,Delivered,6/4/18,16:12:47,TRUE,6/4/18 16:35,22.73333333,1.2,19285,11,399000,0,Cash,iOS,Now,[Food]
1043514,940198,Delivered,6/10/18,10:37:06,TRUE,6/10/18 11:06,28.93333333,3.1,93697,2,255000,0,Cash,iOS,Now,"[Food, Lunch]"
1043514,898636,Delivered,6/1/18,08:16:53,TRUE,6/1/18 09:06,49.66666667,3,1791,3,285000,0,Cash,iOS,Now,"[Food, Lunch]"
1043514,912541,Delivered,6/4/18,13:33:48,TRUE,6/4/18 13:59,26.13333333,3.1,93697,2,915000,0,Cash,iOS,Now,"[Food, Lunch]"
1043514,846791,Delivered,5/20/18,17:12:14,TRUE,5/20/18 18:04,51.8,3.1,93697,3,285000,0,Cash,iOS,Now,"[Food, Lunch]"
1043514,855768,Delivered,5/22/18,18:12:38,TRUE,5/22/18 19:12,60.06666667,3.1,93697,2,225000,0,Cash,iOS,Now,"[Food, Lunch]"
1043514,869781,Delivered,5/25/18,18:48:41,TRUE,5/25/18 19:11,22.95,3.1,93697,2,330000,0,Cash,iOS,Now,"[Food, Lunch]"
1043514,881782,Delivered,5/28/18,16:54:31,TRUE,5/28/18 17:13,18.56666667,3.1,93697,2,330000,0,Cash,iOS,Now,"[Food, Lunch]"
1043515,931032,Delivered,6/8/18,11:09:01,TRUE,6/8/18 12:02,53.01666667,6.3,690697,4,153000,25980,External(Airpay),Android,Now,"[Food, Lunch]"
1043562,807374,Delivered,5/11/18,11:09:56,TRUE,5/11/18 11:52,42.31983333,3.2,251505,1,120000,0,Cash,iOS,Foody,[Food]
1043562,783362,Delivered,5/5/18,11:57:06,TRUE,5/5/18 12:37,40.18556667,3.2,251505,1,120000,0,Cash,iOS,Foody,[Food]
1043562,871237,Delivered,5/26/18,11:21:08,TRUE,5/26/18 11:42,20.88333333,3.3,1630,1,66000,0,Cash,iOS,Foody,[Food]
1043636,918257,Delivered,6/5/18,16:22:10,TRUE,6/5/18 17:02,40.05,3.6,16336,6,150000,21280,External(Airpay),iOS,Now,[Food]
1043636,786501,Delivered,5/6/18,08:54:46,FALSE,5/6/18 12:55,240.8613833,1.7,126893,3,324000,34500,External(Airpay),iOS,Now,"[Food, Drink]"
1043636,909684,Delivered,6/3/18,16:44:59,TRUE,6/3/18 17:06,21.55,1.7,126893,2,195000,27500,External(Airpay),iOS,Now,"[Food, Drink]"
1043676,870845,Delivered,5/26/18,08:07:36,FALSE,5/26/18 09:18,71.26666667,6.7,743052,2,60000,0,Cash,Android,Foody,[Food]
1043676,905552,Delivered,6/2/18,17:10:44,TRUE,6/2/18 17:59,48.33333333,0.5,727867,2,90000,0,Cash,Android,Foody,[Food]
1043676,933493,Delivered,6/8/18,16:08:33,TRUE,6/8/18 16:47,38.8,4.9,743052,1,30000,0,Cash,Android,Foody,[Food]
1043676,903499,Delivered,6/2/18,10:58:33,TRUE,6/2/18 11:51,53.18333333,6.2,743052,1,90000,0,Cash,Android,Foody,[Food]
1043676,933508,Cancel,6/8/18,16:10:27,TRUE,,,4.9,743052,1,30000,0,Cash,Android,Foody,[Food]
1043676,933495,Cancel,6/8/18,16:08:48,TRUE,,,4.9,743052,1,30000,0,Cash,Android,Foody,[Food]
1043676,933497,Cancel,6/8/18,16:08:58,TRUE,,,4.9,743052,1,30000,0,Cash,Android,Foody,[Food]
1043676,933535,Delivered,6/8/18,16:13:46,TRUE,6/8/18 16:38,24.75,0.6,709500,1,34500,0,Cash,Android,Foody,"[Food, Lunch]"
1043758,943862,Delivered,6/10/18,21:14:11,TRUE,6/10/18 21:35,21.05,1.9,737118,3,307500,0,Cash,iOS,Foody,[Food]
1043767,898362,Delivered,5/31/18,21:27:14,TRUE,5/31/18 22:04,36.76666667,4.6,633,3,225000,0,Cash,iOS,Now,"[Food, Lunch]"
1043785,772687,Delivered,5/2/18,13:14:00,TRUE,5/2/18 14:05,51.99238333,2.6,710975,1,57000,0,Cash,iOS,Foody,"[Food, Lunch]"
1043785,772676,Cancel,5/2/18,13:11:55,TRUE,,,7.2,734078,1,60000,0,Cash,iOS,Foody,"[Food, Lunch]"
1043786,849393,Delivered,5/21/18,12:43:21,TRUE,5/21/18 13:20,37.56128333,3.1,151813,4,151500,8970,Cash,Android,Now,"[Food, Lunch]"
1043813,828879,Delivered,5/16/18,16:18:31,TRUE,5/16/18 17:03,44.649,3.8,68265,1,67500,0,Cash,Android,Now,"[Food, Lunch]"
1043866,802029,Delivered,5/9/18,21:22:11,TRUE,5/9/18 22:03,41.545,2.1,273297,3,151500,15000,Cash,iOS,Now,"[Food, Lunch]"
1043866,806448,Delivered,5/10/18,20:21:57,TRUE,5/10/18 20:57,35.59721667,3.9,5999,2,157500,9630,Cash,iOS,Now,"[Food, Lunch]"
1043866,880862,Delivered,5/28/18,14:29:01,TRUE,5/28/18 15:50,81.8,2.7,639334,2,180000,27240,Cash,iOS,Now,[Food]
1043866,883447,Delivered,5/29/18,10:06:26,FALSE,5/29/18 11:25,79.53333333,7.4,712113,6,150000,36100,Cash,iOS,Now,"[Food, Lunch]"
1043866,828641,Cancel,5/16/18,15:44:13,TRUE,,,7.4,712113,3,120000,21770,Cash,iOS,Now,"[Food, Lunch]"
1043866,833162,Delivered,5/17/18,15:16:17,TRUE,5/17/18 16:07,51.68645,4,5999,6,151500,9375,Cash,iOS,Now,"[Food, Lunch]"
1043900,844727,Delivered,5/20/18,11:39:26,TRUE,5/20/18 12:26,46.95805,3.4,211,2,157500,0,Cash,Android,Now,[Food]
1043901,816781,Delivered,5/13/18,16:14:39,TRUE,5/13/18 16:55,40.90588333,5.1,672090,2,249000,0,Cash,Android,Foody,[Food]
1043961,839889,Delivered,5/18/18,20:32:36,TRUE,5/18/18 20:59,27.08333333,1.6,680256,1,52500,0,VNPay,iOS,Foody,[Food]
1043962,906047,Delivered,6/2/18,18:38:36,TRUE,6/2/18 19:30,51.83488334,0.3,682939,8,217500,0,Cash,iOS,Now,[Food]
1043973,921234,Delivered,6/6/18,12:28:06,TRUE,6/6/18 12:49,21.51666667,3.1,1630,1,90000,0,Cash,iOS,Now,[Food]
1043973,921561,Delivered,6/6/18,13:05:17,TRUE,6/6/18 13:38,33.33333333,3.1,1630,1,90000,0,Cash,iOS,Now,[Food]
1043973,934056,Cancel,6/8/18,17:36:40,TRUE,,,1.1,211201,9,90000,0,Cash,iOS,Now,[Food]
1043973,937178,Delivered,6/9/18,14:09:23,TRUE,6/9/18 14:29,20.11666667,1.8,679411,2,120000,0,Cash,iOS,Now,[Food]
1043973,939073,Delivered,6/9/18,19:42:16,TRUE,6/9/18 20:13,30.98333333,1.7,47144,3,82500,0,Cash,iOS,Now,[Food]
1043973,838703,Delivered,5/18/18,16:34:10,TRUE,5/18/18 17:04,30.55,1.6,1690,3,166500,0,Cash,iOS,Now,[Food]
1043973,840124,Delivered,5/18/18,21:21:07,TRUE,5/18/18 21:48,26.92421667,0.3,43444,2,90000,0,Cash,iOS,Now,[Streetfood]
1043973,848340,Delivered,5/20/18,21:56:42,TRUE,5/20/18 22:16,19.81061667,1.7,47144,6,183000,0,Cash,iOS,Now,[Food]
1043973,855760,Delivered,5/22/18,18:10:48,TRUE,5/22/18 18:39,29.03161667,3.1,689118,4,225000,0,Cash,iOS,Now,[Food]
1043973,872064,Delivered,5/26/18,13:17:02,TRUE,5/26/18 13:54,37.36666667,1.8,679411,7,247500,0,Cash,iOS,Now,[Food]
1043973,876587,Delivered,5/27/18,14:18:00,TRUE,5/27/18 14:55,37.45,1.8,679411,4,165000,0,Cash,iOS,Now,[Food]
1043973,884670,Delivered,5/29/18,12:52:28,TRUE,5/29/18 12:58,6.216666667,1.8,679411,4,240000,0,Cash,iOS,Now,[Food]
1043973,897945,Delivered,5/31/18,20:15:13,TRUE,5/31/18 20:30,15.3,1.8,679411,2,135000,0,Cash,iOS,Now,[Food]
1043973,900820,Delivered,6/1/18,15:05:07,TRUE,6/1/18 15:22,17.02038333,0.1,3277,2,90000,0,Cash,iOS,Now,[Streetfood]
1043973,902666,Delivered,6/1/18,20:25:55,TRUE,6/1/18 20:48,22.08333333,3.1,1630,1,105000,0,Cash,iOS,Now,[Food]
1043973,904798,Delivered,6/2/18,14:36:41,TRUE,6/2/18 15:03,26.41666667,3.1,1630,3,159000,0,Cash,iOS,Now,[Food]
1043973,919920,Delivered,6/5/18,21:14:31,TRUE,6/5/18 21:24,10.4,1.7,47144,2,67500,0,Cash,iOS,Now,[Food]
1043973,796356,Delivered,5/8/18,16:05:59,TRUE,5/8/18 16:47,41.51666667,1.6,1690,3,163500,0,Cash,iOS,Now,[Food]
1043973,801241,Delivered,5/9/18,18:19:41,TRUE,5/9/18 18:41,21.76156667,1.6,1690,3,166500,0,Cash,iOS,Now,[Food]
1043973,817652,Delivered,5/13/18,19:22:22,TRUE,5/13/18 19:59,37.02583334,1.7,47144,3,105000,0,Cash,iOS,Now,[Food]
1043981,938749,Delivered,6/9/18,18:51:28,TRUE,6/9/18 19:16,24.88333333,2.4,654451,2,55500,0,Cash,iOS,Now,[Food]
1043981,815501,Cancel,5/13/18,12:23:24,TRUE,,,8.6,731536,3,300000,39030,Cash,iOS,Foody,[Food]
1043981,815577,Delivered,5/13/18,12:34:25,TRUE,5/13/18 13:44,70.35361667,4.1,725963,7,255000,25000,Cash,iOS,Foody,[Food]
1043981,865237,Delivered,5/24/18,19:05:19,TRUE,5/24/18 19:46,40.78333333,2,637624,2,82500,0,Cash,iOS,Now,[Food]
1043981,897168,Delivered,5/31/18,18:13:47,TRUE,5/31/18 20:56,163.0476167,1.2,35954,1,121500,0,Cash,iOS,Now,[Food]
1043981,902392,Delivered,6/1/18,19:37:33,TRUE,6/1/18 20:20,42.81666667,0.5,172218,3,84000,0,Cash,iOS,Now,[Food]
1043997,821886,Delivered,5/14/18,21:08:34,TRUE,5/14/18 21:43,34.77855,5.4,103582,1,270000,37170,Cash,iOS,Now,[Food]
1043997,835443,Delivered,5/17/18,20:40:46,TRUE,5/17/18 21:14,33.23095,5.7,103582,1,270000,37485,Cash,iOS,Now,[Food]
1043997,855636,Delivered,5/22/18,17:45:59,TRUE,5/22/18 18:14,28.07276667,1.5,1777,3,178500,0,Cash,iOS,Now,"[Food, Lunch]"
1043997,805716,Delivered,5/10/18,18:12:25,TRUE,5/10/18 18:32,20.31561667,1.5,1777,3,201000,0,Cash,iOS,Now,"[Food, Lunch]"
1043997,821004,Delivered,5/14/18,17:43:58,TRUE,5/14/18 18:04,20.28333333,1.5,1777,3,201000,0,Cash,iOS,Now,"[Food, Lunch]"
1043997,774241,Delivered,5/2/18,18:23:36,TRUE,5/2/18 19:07,43.6405,1.5,1777,3,178500,0,Cash,iOS,Now,"[Food, Lunch]"
1044047,895221,Delivered,5/31/18,14:17:53,TRUE,5/31/18 14:40,22.38333333,0.9,270023,4,136500,0,Cash,iOS,Now,[Food]
1044225,926668,Delivered,6/7/18,13:07:45,TRUE,6/7/18 13:54,46.96666667,3.3,665568,11,225000,0,Cash,iOS,Now,"[Food, Lunch]"
1044229,880485,Delivered,5/28/18,13:30:56,TRUE,5/28/18 14:16,45.7305,10.2,211,4,315000,0,Cash,iOS,Now,[Food]
1044229,899944,Delivered,6/1/18,13:09:30,TRUE,6/1/18 13:31,22.15,11,126552,3,100500,0,Cash,iOS,Now,[Food]
1044231,940563,Delivered,6/10/18,11:54:19,TRUE,6/10/18 12:17,23.61666667,3.7,43258,4,150000,24135,External(Airpay),iOS,Now,"[Food, Lunch]"
1044231,790687,Delivered,5/7/18,11:44:57,TRUE,5/7/18 13:11,86.34121666,4.4,712113,2,246000,52000,External(Airpay),iOS,Now,"[Food, Lunch]"
1044231,790696,Delivered,5/7/18,11:46:32,TRUE,5/7/18 12:22,36.04666667,4.4,712113,2,246000,52000,External(Airpay),iOS,Now,"[Food, Lunch]"
1044231,783896,Delivered,5/5/18,13:21:12,TRUE,5/5/18 13:51,30.43333333,0.5,5999,8,559500,35475,External(Airpay),iOS,Now,"[Food, Lunch]"
1044231,900361,Delivered,6/1/18,14:06:40,TRUE,6/1/18 14:33,26.96666667,1.7,718563,8,267000,7500,External(Airpay),iOS,Now,[Food]
1044231,917013,Delivered,6/5/18,13:46:19,TRUE,6/5/18 14:16,30.4,1.7,718563,6,196500,30425,External(Airpay),iOS,Now,[Food]
1044231,917168,Delivered,6/5/18,14:08:02,TRUE,6/5/18 14:57,49.1,1.7,718563,4,156000,25700,External(Airpay),iOS,Now,[Food]
1044231,917210,Delivered,6/5/18,14:13:38,TRUE,6/5/18 14:57,43.66666667,1.7,718563,4,156000,25700,External(Airpay),iOS,Now,[Food]
1044231,917338,Delivered,6/5/18,14:29:03,TRUE,6/5/18 15:11,42.85,1.7,718563,6,192000,29900,External(Airpay),iOS,Now,[Food]
1044231,805469,Delivered,5/10/18,17:24:12,TRUE,5/10/18 18:23,59.32383333,4.6,73934,4,114000,0,PayNow,iOS,Now,[Food]
1044231,866753,Delivered,5/25/18,11:30:59,FALSE,5/25/18 12:44,73.03333333,7.2,43258,2,225000,44640,External(Airpay),iOS,Now,"[Food, Lunch]"
1044231,886452,Delivered,5/29/18,16:28:31,TRUE,5/29/18 17:29,60.97543333,1.1,85879,8,84000,12500,External(Airpay),iOS,Now,[Food]
1044231,831394,Delivered,5/17/18,11:54:26,FALSE,5/17/18 12:50,56.48333333,2.1,181987,4,210000,25000,External(Airpay),iOS,Now,"[Food, Lunch]"
1044300,884794,Delivered,5/29/18,13:04:32,TRUE,5/29/18 13:22,17.659,0.6,193789,1,45000,0,Cash,iOS,Now,[Food]
1044307,840062,Delivered,5/18/18,21:07:48,TRUE,5/18/18 21:51,43.45793333,1.7,2683,3,189000,0,Cash,Web,Foody,[Food]
1044382,939983,Delivered,6/10/18,00:22:55,TRUE,6/10/18 00:50,27.98333333,2.1,104612,6,240000,0,Cash,iOS,Now,[Food]
1044394,781417,Delivered,5/4/18,16:46:12,TRUE,5/4/18 17:36,50.32873333,1.6,731107,9,120000,0,Cash,iOS,Now,[Food]
1044486,894725,Delivered,5/31/18,13:18:21,FALSE,5/31/18 13:53,35.58333333,3.6,737790,6,37500,0,Cash,iOS,Foody,"[Food, Lunch]"
1044540,831741,Delivered,5/17/18,12:30:27,TRUE,5/17/18 13:20,50.51883334,3,734214,1,90000,0,Cash,Web,Now,"[Food, Lunch]"
1044540,836704,Delivered,5/18/18,12:04:56,TRUE,5/18/18 12:34,29.76055,3.5,727294,3,157500,0,Cash,Web,Now,"[Food, Lunch]"
1044540,867198,Delivered,5/25/18,12:21:23,TRUE,5/25/18 12:56,34.83333333,1.6,717723,2,177000,0,Cash,Web,Now,"[Food, Lunch]"
1044584,901922,Delivered,6/1/18,18:04:11,TRUE,6/1/18 18:49,45.58333333,4.7,115766,7,135000,0,Cash,iOS,Now,[Food]
1044584,932037,Delivered,6/8/18,13:05:16,TRUE,6/8/18 13:42,37.13333333,0.9,747459,3,157500,0,Cash,iOS,Now,"[Food, Lunch]"
1044608,875824,Delivered,5/27/18,12:30:40,TRUE,5/27/18 12:48,18.14271667,2.2,713568,2,90000,0,Cash,Web,Now,"[Food, Lunch]"
1044626,831340,Delivered,5/17/18,11:48:54,TRUE,5/17/18 12:19,30.57405,2.7,690697,1,48000,0,Credit,iOS,Now,"[Food, Lunch]"
1044626,794228,Cancel,5/8/18,10:57:17,FALSE,,,2.7,690697,2,97500,0,Cash,iOS,Now,"[Food, Lunch]"
1044626,794238,Delivered,5/8/18,10:59:09,TRUE,5/8/18 11:40,41.43206667,2.7,690697,2,97500,0,PayNow,iOS,Now,"[Food, Lunch]"
1044626,807085,Delivered,5/11/18,09:39:47,FALSE,5/11/18 11:53,133.5438333,2.7,690697,2,78000,0,Credit,iOS,Now,"[Food, Lunch]"
1044626,769535,Delivered,5/1/18,14:07:46,TRUE,5/1/18 14:35,27.52255,2.5,1630,1,87000,0,Credit,iOS,Now,[Food]
1044626,894441,Delivered,5/31/18,12:47:49,TRUE,5/31/18 13:22,34.23333333,1.5,86915,2,60000,0,Cash,iOS,Now,[Food]
1044626,863047,Delivered,5/24/18,13:40:48,TRUE,5/24/18 14:18,37.9001,1.5,86915,2,60000,0,Cash,iOS,Now,[Food]
1044715,779070,Cancel,5/3/18,22:32:12,TRUE,,,2.5,733275,2,162000,12800,Cash,iOS,Foody,"[Food, Drink]"
1044747,889482,Delivered,5/30/18,12:26:53,TRUE,5/30/18 13:29,62.2,3.8,3244,3,87000,10000,External(Airpay),iOS,Now,"[Food, Lunch]"
1044790,806160,Delivered,5/10/18,19:30:13,TRUE,5/10/18 20:17,47.03638333,2.9,153642,3,234000,0,External(Airpay),iOS,Now,[Food]
1044879,856741,Delivered,5/22/18,21:43:51,TRUE,5/22/18 22:11,27.5625,3.1,687670,3,187500,11003,Cash,Android,Foody,"[Food, Lunch]"
1044950,885737,Delivered,5/29/18,15:02:13,TRUE,5/29/18 15:34,31.98333333,5.2,732645,3,109500,0,Cash,iOS,Now,"[Food, Lunch]"
1044971,793220,Delivered,5/7/18,19:44:24,TRUE,5/7/18 20:37,53.57716667,1.6,1630,3,141000,0,Cash,iOS,Foody,[Food]
1045004,934517,Delivered,6/8/18,19:06:31,TRUE,6/8/18 19:35,29.25,3.2,102846,3,202500,23250,Cash,iOS,Foody,[Food]
1045021,802634,Delivered,5/10/18,11:05:34,TRUE,5/10/18 12:30,84.62883333,4.8,698717,3,210000,41000,Cash,iOS,Now,"[Food, Lunch]"
1045021,809396,Delivered,5/11/18,16:13:26,TRUE,5/11/18 17:02,48.846,3.4,102477,3,163500,0,Cash,iOS,Now,[Food]
1045021,786999,Delivered,5/6/18,11:57:19,TRUE,5/6/18 12:20,22.72533333,1.4,6591,4,165000,0,Cash,iOS,Now,"[Food, Lunch]"
1045021,848562,Delivered,5/21/18,10:04:39,TRUE,5/21/18 10:49,44.65916667,5.2,674094,6,247500,49050,Cash,iOS,Now,"[Food, Lunch]"
1045130,858573,Delivered,5/23/18,14:08:43,TRUE,5/23/18 14:59,50.78333333,2.9,692594,2,145500,0,Cash,iOS,Now,"[Food, Lunch]"
1045130,889722,Delivered,5/30/18,12:54:16,TRUE,5/30/18 13:20,26.16666667,4.4,210555,1,45000,0,Cash,iOS,Now,"[Food, Lunch]"
1045187,943472,Cancel,6/10/18,20:06:01,TRUE,,,1.5,725881,6,187500,0,Cash,iOS,Foody,[Food]
1045187,943513,Delivered,6/10/18,20:12:52,TRUE,6/10/18 21:19,66.25,4.6,692249,4,117000,0,Cash,iOS,Foody,[Food]
1045187,918215,Cancel,6/5/18,16:16:46,TRUE,,,4.2,715631,2,135000,0,Cash,iOS,Foody,"[Food, Lunch]"
1045225,865911,Delivered,5/24/18,21:06:43,TRUE,5/24/18 21:24,17.3,0.6,206873,11,120000,0,Cash,iOS,Foody,[Streetfood]
1045225,865913,Cancel,5/24/18,21:07:07,TRUE,,,0.6,206873,11,120000,0,Cash,iOS,Foody,[Streetfood]
1045225,883045,Delivered,5/28/18,21:25:40,TRUE,5/28/18 21:58,32.68333333,2.1,263187,4,60000,0,Cash,iOS,Foody,[Food]
1045225,926290,Delivered,6/7/18,12:33:15,TRUE,6/7/18 12:43,10.03333333,1.2,6081,4,180000,0,Cash,iOS,Foody,[Food]
1045248,815225,Delivered,5/13/18,11:37:30,TRUE,5/13/18 12:19,42.43528333,0.4,186974,12,735000,0,Cash,iOS,Foody,"[Food, Drink]"
1045331,845981,Delivered,5/20/18,14:36:23,TRUE,5/20/18 15:10,34.09695,2.4,126086,2,105000,0,Cash,iOS,Now,"[Food, Lunch]"
1045338,777984,Delivered,5/3/18,18:00:40,TRUE,5/3/18 18:34,33.60966667,1.8,666167,13,162000,9225,Cash,Android,Now,[Streetfood]
1045338,896978,Delivered,5/31/18,17:42:22,FALSE,5/31/18 18:04,21.78333333,1.2,737884,2,114000,0,Cash,Android,Now,[Food]
1045338,898958,Delivered,6/1/18,11:05:01,FALSE,6/1/18 12:23,78.66666667,1.9,90881,6,135000,0,Cash,Android,Now,[Food]
1045429,905901,Delivered,6/2/18,18:09:28,TRUE,6/2/18 18:38,28.88333333,3.7,681159,2,90000,0,Cash,iOS,Now,[Food]
1045429,906217,Delivered,6/2/18,19:00:23,TRUE,6/2/18 19:21,21.38333333,3.9,681159,2,90000,0,Cash,iOS,Now,[Food]
1045441,830334,Delivered,5/16/18,21:12:50,TRUE,5/16/18 22:00,47.33973333,2.1,148046,4,583500,0,Cash,Android,Now,"[Dessert, Food, Drink]"
1045519,906873,Delivered,6/2/18,20:27:35,TRUE,6/2/18 21:19,52,0.5,679662,2,322500,0,Cash,Android,Foody,[Food]
1045543,929037,Delivered,6/7/18,17:49:21,TRUE,6/7/18 18:11,21.71666667,0.6,317764,1,45000,0,Cash,iOS,Foody,[Streetfood]
1045543,934906,Delivered,6/8/18,20:13:54,TRUE,6/8/18 20:42,28.48333333,1.3,4277,3,133500,0,Cash,iOS,Foody,"[Food, Lunch]"
1045543,902608,Cancel,6/1/18,20:15:43,TRUE,,,0.9,724624,3,67500,0,Cash,iOS,Foody,[Food]
1045543,902709,Delivered,6/1/18,20:33:17,TRUE,6/1/18 20:47,14.11666667,1.1,218086,2,75000,0,Cash,iOS,Foody,"[Food, Lunch]"
1045543,906917,Cancel,6/2/18,20:33:25,TRUE,,,0.9,694237,2,67500,0,Cash,iOS,Foody,"[Food, Lunch]"
1045543,907115,Delivered,6/2/18,21:05:13,TRUE,6/2/18 21:24,19,1.3,4277,2,90000,0,Cash,iOS,Foody,"[Food, Lunch]"
1045582,815331,Cancel,5/13/18,11:56:14,TRUE,,,0.7,724447,2,138000,0,Cash,iOS,Now,"[Food, Lunch]"
1045582,815481,Delivered,5/13/18,12:20:29,TRUE,5/13/18 13:04,43.78333333,3.6,717835,1,45000,0,Cash,iOS,Now,"[Food, Lunch]"
1045663,926313,Delivered,6/7/18,12:35:20,TRUE,6/7/18 12:53,18.3,1.3,283373,2,150000,0,Cash,Android,Foody,[Food]
1045705,822757,Delivered,5/15/18,11:53:23,TRUE,5/15/18 12:52,59.19333333,6.9,717027,3,153000,35850,Cash,Android,Foody,"[Food, Lunch]"
1045705,821049,Cancel,5/14/18,17:55:55,TRUE,,,5.3,712113,8,390000,72950,Cash,Android,Foody,"[Food, Lunch]"
1045705,843110,Delivered,5/19/18,17:56:02,TRUE,5/19/18 18:36,40.3635,3.7,734373,9,453000,40988,Cash,Android,Foody,[Food]
1045705,835924,Cancel,5/18/18,01:52:26,TRUE,,,8.9,674094,6,154500,0,VNPay,Android,Foody,"[Food, Lunch]"
1045705,821040,Cancel,5/14/18,17:53:20,TRUE,,,5.2,712113,8,390000,72800,VNPay,Android,Foody,"[Food, Lunch]"
1045705,822747,Cancel,5/15/18,11:51:38,TRUE,,,6.9,717027,3,153000,35850,VNPay,Android,Foody,"[Food, Lunch]"
1045705,843100,Cancel,5/19/18,17:53:22,TRUE,,,3.7,734373,9,453000,40988,VNPay,Android,Foody,[Food]
1045705,821044,Cancel,5/14/18,17:54:38,TRUE,,,5.3,712113,8,390000,0,VNPay,Android,Foody,"[Food, Lunch]"
1045705,819630,Cancel,5/14/18,13:33:58,TRUE,,,6.9,712113,3,163500,37600,Cash,Android,Foody,"[Food, Lunch]"
1045723,795082,Delivered,5/8/18,13:01:21,TRUE,5/8/18 13:46,45.30783333,2.1,641102,4,136500,0,External(Airpay),iOS,Now,[Food]
1045742,886768,Delivered,5/29/18,17:21:12,TRUE,5/29/18 17:41,20.48333333,2.5,5160,1,90000,0,Cash,iOS,Foody,"[Food, Lunch]"
1045944,816483,Delivered,5/13/18,15:10:46,TRUE,5/13/18 15:31,20.8135,1.8,5999,3,163500,18175,External(Airpay),Android,Now,"[Food, Lunch]"
1045957,864795,Delivered,5/24/18,17:43:17,TRUE,5/24/18 19:10,86.86383333,13,85379,4,168000,0,Cash,iOS,Now,[Food]
1046044,924309,Delivered,6/6/18,19:53:35,TRUE,6/6/18 20:39,46.33333333,1.1,198479,11,60000,0,External(Airpay),iOS,Now,"[Food, Lunch]"
1046044,897747,Delivered,5/31/18,19:44:54,TRUE,5/31/18 20:24,39.41666667,2.2,711042,1,90000,7700,External(Airpay),iOS,Now,"[Food, Lunch]"
1046194,843525,Delivered,5/19/18,19:22:31,TRUE,5/19/18 20:16,53.96795,2.4,5526,1,555000,0,Cash,Android,Now,[Food]
1046199,924377,Cancel,6/6/18,20:05:47,TRUE,,,1,643772,7,180000,0,Cash,iOS,Foody,"[Food, Lunch]"
1046273,892707,Delivered,5/30/18,20:50:49,TRUE,5/30/18 21:24,34.16666667,0.8,692680,2,162000,0,Cash,iOS,Now,"[Food, Drink]"
1046275,906501,Cancel,6/2/18,19:36:13,TRUE,,,2.1,73449,11,90000,0,Cash,Android,Now,[Food]
1046275,906825,Delivered,6/2/18,20:21:06,TRUE,6/2/18 21:02,41.1,1.2,6141,3,162000,0,Cash,Android,Now,[Food]
1046275,829639,Delivered,5/16/18,18:44:51,TRUE,5/16/18 19:15,30.41773334,1.2,6141,7,324000,0,Cash,Android,Now,[Food]
1046284,778906,Cancel,5/3/18,21:20:36,TRUE,,,2.1,96348,4,208500,0,Cash,iOS,Foody,[Food]
1046311,770947,Delivered,5/1/18,19:12:32,TRUE,5/1/18 20:13,61.1,1.8,659827,3,142500,0,Cash,Android,Foody,[Food]
1046311,824905,Delivered,5/15/18,17:07:35,TRUE,5/15/18 18:01,53.40538333,2.3,652563,2,105000,0,Cash,Android,Foody,"[Food, Lunch]"
1046311,779012,Delivered,5/3/18,21:52:30,TRUE,5/3/18 22:35,43.0786,2.3,652563,2,97500,0,Cash,Android,Foody,"[Food, Lunch]"
1046311,874213,Delivered,5/26/18,19:44:24,TRUE,5/26/18 20:33,48.66666667,4,243254,3,157500,0,Cash,Android,Foody,[Food]
1046311,789715,Delivered,5/6/18,20:17:05,TRUE,5/6/18 21:09,52.26416667,1.1,214311,3,90000,0,Cash,Android,Foody,[Food]
1046311,906346,Delivered,6/2/18,19:16:15,TRUE,6/2/18 20:17,61.21666667,2.3,652563,3,127500,0,Cash,Android,Foody,"[Food, Lunch]"
1046311,782730,Delivered,5/4/18,21:52:41,TRUE,5/4/18 22:20,27.38471667,1.2,214311,3,90000,0,Cash,Android,Foody,[Food]
1046312,834633,Delivered,5/17/18,18:22:21,TRUE,5/17/18 18:33,11.61433333,0.7,39368,7,123000,0,Cash,Android,Now,"[Food, Lunch]"
1046312,781748,Delivered,5/4/18,17:59:52,TRUE,5/4/18 18:24,24.75,0.7,39368,4,64500,0,Cash,Android,Now,"[Food, Lunch]"
1046312,934431,Delivered,6/8/18,18:49:59,TRUE,6/8/18 19:00,10.45,0.7,39368,3,54000,0,Cash,Android,Now,"[Food, Lunch]"
1046312,855555,Delivered,5/22/18,17:29:06,TRUE,5/22/18 17:41,12.68333333,4.3,699474,4,159000,0,Cash,Android,Now,"[Food, Lunch]"
1046324,829482,Delivered,5/16/18,18:10:53,TRUE,5/16/18 18:42,32.077,1.1,42656,2,75000,0,Cash,iOS,Now,"[Food, Lunch]"
1046330,943478,Delivered,6/10/18,20:07:08,TRUE,6/10/18 20:31,24.06666667,1.8,313916,3,165000,0,Cash,iOS,Foody,[Food]
1046343,838940,Delivered,5/18/18,17:11:52,TRUE,5/18/18 18:18,66.899,7.2,710814,6,183000,0,Credit,Android,Now,[Food]
1046343,905121,Delivered,6/2/18,15:43:07,TRUE,6/2/18 16:12,29.31916667,3.1,112585,2,156000,0,Credit,Android,Now,"[Food, Drink]"
1046343,777182,Delivered,5/3/18,15:32:24,TRUE,5/3/18 16:45,72.89816667,3.2,28584,2,54000,0,Cash,Web,Now,[Food]
1046343,819963,Delivered,5/14/18,14:32:19,FALSE,5/14/18 14:56,24.07033333,3.5,705182,1,67500,0,Credit,Android,Now,"[Food, Lunch]"
1046343,838762,Cancel,5/18/18,16:42:10,TRUE,,,5.6,710814,6,183000,0,Credit,Android,Now,[Food]
1046393,805380,Delivered,5/10/18,17:08:22,TRUE,5/10/18 18:08,60.25,2.3,713582,3,105000,0,Cash,iOS,Foody,"[Food, Lunch]"
1046393,768475,Delivered,5/1/18,10:37:51,TRUE,5/1/18 11:25,47.3175,3.4,273297,3,112500,0,Cash,iOS,Foody,"[Food, Lunch]"
1046451,808104,Delivered,5/11/18,12:58:14,TRUE,5/11/18 13:28,29.93006667,2.6,712113,3,175500,33150,Cash,iOS,Now,"[Food, Lunch]"
1046451,842250,Delivered,5/19/18,15:00:25,TRUE,5/19/18 15:24,24.23333333,2.6,712113,2,153000,20580,Cash,iOS,Foody,"[Food, Lunch]"
1046576,856320,Delivered,5/22/18,20:06:40,TRUE,5/22/18 21:05,58.34361667,6.2,654707,2,120000,0,Cash,iOS,Now,[Food]
1046576,868930,Delivered,5/25/18,16:12:35,TRUE,5/25/18 17:13,61,4.8,654707,3,180000,0,Cash,iOS,Now,[Food]
1046576,871922,Delivered,5/26/18,12:59:06,TRUE,5/26/18 13:23,24.6,1.1,627795,2,75000,0,Cash,iOS,Now,"[Food, Lunch]"
1046576,806701,Delivered,5/10/18,21:09:28,TRUE,5/10/18 21:30,20.58623333,1.1,627795,2,69000,0,Cash,iOS,Now,"[Food, Lunch]"
1046576,830870,Delivered,5/17/18,10:39:44,TRUE,5/17/18 11:00,21.22605,1.1,627795,1,34500,0,Cash,iOS,Now,"[Food, Lunch]"
1046576,848976,Delivered,5/21/18,11:46:50,TRUE,5/21/18 12:02,15.60411667,1.1,627795,1,37500,0,Cash,iOS,Now,"[Food, Lunch]"
1046576,890253,Delivered,5/30/18,14:05:23,TRUE,5/30/18 14:41,35.88228333,1.1,627795,1,33000,0,Cash,iOS,Now,"[Food, Lunch]"
1046576,917536,Cancel,6/5/18,14:51:10,TRUE,,,1.1,627795,1,37500,0,Cash,iOS,Now,"[Food, Lunch]"
1046576,917867,Cancel,6/5/18,15:29:39,TRUE,,,2.3,138248,2,63000,0,Cash,iOS,Now,"[Food, Lunch]"
1046576,918016,Cancel,6/5/18,15:48:12,TRUE,,,1.4,317013,2,69000,0,Cash,iOS,Now,"[Food, Lunch]"
1046576,918162,Delivered,6/5/18,16:08:53,TRUE,6/5/18 16:36,27.16666667,1.1,88,1,79500,0,Cash,iOS,Now,"[Food, Lunch]"
1046576,771909,Delivered,5/2/18,10:47:23,TRUE,5/2/18 11:20,32.73745,2,4850,6,123000,0,Cash,iOS,Now,[Streetfood]
1046576,778284,Delivered,5/3/18,19:01:44,TRUE,5/3/18 19:31,30.13005,2.3,91132,4,118500,0,Cash,iOS,Now,[Food]
1046576,782944,Delivered,5/5/18,10:04:31,FALSE,5/5/18 11:36,92.36928333,4.3,260143,8,195000,0,Cash,iOS,Now,"[Food, Lunch]"
1046576,771089,Delivered,5/1/18,19:41:22,TRUE,5/1/18 20:15,33.72206666,2.4,627795,2,69000,0,Cash,iOS,Now,"[Food, Lunch]"
1046638,840483,Cancel,5/19/18,09:58:03,FALSE,,,7.6,739669,7,427500,82650,Cash,Web,Now,[Food]
1046638,840671,Delivered,5/19/18,10:58:51,FALSE,5/19/18 12:13,74.51666667,5.6,716439,8,337500,45255,Cash,Web,Now,"[Food, Lunch]"
1046638,771866,Delivered,5/2/18,10:30:32,FALSE,5/2/18 12:50,140.0274,4.3,712092,4,192000,37375,Cash,Web,Now,"[Food, Lunch]"
1046638,790324,Delivered,5/7/18,10:06:07,FALSE,5/7/18 11:35,89.81261667,2.5,90049,4,234000,0,Cash,Web,Now,[Food]
1046638,794032,Delivered,5/8/18,09:54:17,FALSE,5/8/18 12:16,141.7193333,4.3,716439,9,442500,75000,Cash,Web,Now,"[Food, Lunch]"
1046638,807110,Delivered,5/11/18,09:54:13,FALSE,5/11/18 12:32,158.7333333,5.6,311684,8,436500,31900,Cash,Web,Now,[Food]
1046638,811202,Delivered,5/12/18,09:33:19,FALSE,5/12/18 12:29,176.0609,4.2,311684,9,498000,36140,Cash,Web,Now,[Food]
1046638,1524542,Cancel,5/7/18,09:40:48,TRUE,,,3.6,724697,6,195000,11100,Cash,Web,Now,[Food]
1046690,1626424,Delivered,5/19/18,17:53:10,TRUE,5/19/18 18:33,39.86621666,2.4,43495,6,240000,0,Cash,iOS,Foody,[Food]
1046708,1612654,Cancel,5/18/18,08:52:56,TRUE,,,2.8,47167,2,120000,0,Cash,Android,Now,"[Food, Lunch]"
1046722,1588314,Delivered,5/15/18,13:06:44,TRUE,5/15/18 14:10,63.64916667,3.8,690697,2,85500,0,Cash,iOS,Now,"[Food, Lunch]"
1046722,1596411,Delivered,5/16/18,13:11:45,TRUE,5/16/18 13:40,29.07016667,2.1,141966,2,94500,0,Cash,iOS,Now,"[Food, Lunch]"
1046722,1573580,Delivered,5/13/18,12:52:41,TRUE,5/13/18 13:28,36.07455,0.8,273297,2,144000,0,Cash,iOS,Now,"[Food, Lunch]"
1046722,1581350,Delivered,5/14/18,13:52:22,TRUE,5/14/18 14:29,36.977,3.8,690697,2,81000,0,Cash,iOS,Now,"[Food, Lunch]"
1046758,1490393,Delivered,5/2/18,12:56:47,TRUE,5/2/18 14:07,70.30866667,7.8,273297,4,294000,24088,Cash,iOS,Now,"[Food, Lunch]"
1046785,1615475,Delivered,5/18/18,13:30:47,TRUE,5/18/18 14:37,67.15,7.2,1630,3,129000,0,Cash,iOS,Now,[Food]
1046841,1596775,Delivered,5/16/18,13:37:38,TRUE,5/16/18 14:08,31.08721666,2.2,696686,7,159000,30250,Cash,iOS,Now,"[Food, Lunch]"
1046876,1717462,Cancel,5/30/18,14:11:39,TRUE,,,3.9,736362,3,75000,0,Cash,iOS,Now,"[Food, Lunch]"
1046928,1654277,Delivered,5/23/18,11:54:03,TRUE,5/23/18 12:21,27.0731,1.5,735871,2,180000,28500,External(Airpay),Android,Now,[Food]
1046928,1580258,Delivered,5/14/18,12:26:58,TRUE,5/14/18 12:49,22.55245,1,43258,4,157500,20625,External(Airpay),Android,Now,"[Food, Lunch]"
1046928,1726405,Delivered,5/31/18,13:41:53,TRUE,5/31/18 13:57,16.03333333,1.5,735909,2,180000,31000,External(Airpay),Android,Now,[Food]
1046928,1615375,Delivered,5/18/18,13:24:07,TRUE,5/18/18 14:16,52.69261667,3.2,714722,2,240000,41600,External(Airpay),Android,Now,"[Food, Lunch]"
1046928,1706890,Delivered,5/29/18,13:06:01,TRUE,5/29/18 13:36,30.84516667,0.5,716996,2,165000,32000,External(Airpay),Android,Now,[Food]
1046928,1664342,Cancel,5/24/18,13:05:17,TRUE,,,1,43258,1,150000,30000,External(Airpay),Android,Now,"[Food, Lunch]"
1046928,1681227,Delivered,5/26/18,12:08:06,TRUE,5/26/18 12:25,17.63333333,1,43258,1,150000,30000,External(Airpay),Android,Now,"[Food, Lunch]"
1046928,1797495,Delivered,6/8/18,12:36:34,TRUE,6/8/18 13:17,41.06666667,2.7,706625,3,319500,34275,External(Airpay),Android,Now,[Food]
1046928,1545180,Delivered,5/9/18,17:21:28,TRUE,5/9/18 18:25,64.22716667,4.6,721428,6,150000,23800,External(Airpay),Android,Now,[Food]
1046928,1647088,Delivered,5/22/18,13:08:49,TRUE,5/22/18 13:53,44.55233333,3.5,664771,2,175500,27700,External(Airpay),Android,Now,"[Food, Lunch]"
1046928,1596197,Delivered,5/16/18,12:57:41,TRUE,5/16/18 13:34,36.93821667,3,714859,3,198000,22200,External(Airpay),Android,Now,"[Food, Lunch]"
1046986,1815422,Delivered,6/10/18,13:04:05,TRUE,6/10/18 13:17,13.48333333,2.5,743052,4,90000,0,Cash,iOS,Now,[Food]
1047002,1710858,Delivered,5/29/18,17:38:07,TRUE,5/29/18 18:33,55.43333333,1.9,14891,2,214500,0,Cash,iOS,Now,"[Food, Lunch]"
1047002,1785663,Delivered,6/7/18,11:30:56,TRUE,6/7/18 11:50,19.65,0.9,174280,2,147000,0,Cash,iOS,Now,"[Dessert, Food, Drink]"
1047004,1529665,Delivered,5/7/18,18:45:43,TRUE,5/7/18 19:24,38.42861667,0.5,5588,9,310500,0,Credit,iOS,Foody,[Food]
1047004,1565433,Delivered,5/12/18,11:16:59,TRUE,5/12/18 11:55,38.4561,2.1,134619,2,189750,0,Credit,iOS,Foody,"[Food, Lunch]"
1047033,1593002,Delivered,5/15/18,20:23:51,TRUE,5/15/18 21:02,38.99983333,0.6,298954,6,285000,0,Cash,Android,Foody,"[Food, Lunch]"
1047061,1634548,Delivered,5/20/18,18:41:55,TRUE,5/20/18 19:33,51.85871667,2.6,5999,2,120000,0,Cash,Android,Now,"[Food, Lunch]"
1047061,1684987,Delivered,5/26/18,17:22:46,TRUE,5/26/18 17:50,27.28333333,2.6,5999,2,126000,0,Cash,Android,Now,"[Food, Lunch]"
1047061,1508162,Delivered,5/4/18,18:09:31,TRUE,5/4/18 18:56,47.14045,2.1,42490,2,150000,0,Cash,Android,Now,[Food]
1047061,1792109,Delivered,6/7/18,17:40:41,TRUE,6/7/18 17:59,18.66666667,2.1,42490,2,120000,0,Cash,Android,Now,[Food]
1047061,1554370,Delivered,5/10/18,18:18:33,TRUE,5/10/18 18:51,32.628,2.6,5999,3,189000,0,Cash,Android,Now,"[Food, Lunch]"
1047061,1655494,Delivered,5/23/18,13:09:03,TRUE,5/23/18 13:48,39.68226667,2.2,643206,2,120000,0,Cash,iOS,Foody,"[Food, Lunch]"
1047074,1628592,Cancel,5/19/18,22:17:58,TRUE,,,5,5161,2,135000,0,Cash,iOS,Now,[Food]
1047104,1617440,Delivered,5/18/18,15:49:45,FALSE,5/18/18 18:22,152.3712167,3.8,244597,8,157500,0,Cash,Android,Now,[Streetfood]
1047104,1654815,Delivered,5/23/18,12:26:35,TRUE,5/23/18 13:15,48.94593333,6.3,12289,9,339000,65950,Cash,Android,Now,"[Food, Lunch]"
1047104,1683569,Delivered,5/26/18,15:00:35,TRUE,5/26/18 15:44,43.9,5.8,12289,6,318000,63150,Cash,Android,Now,"[Food, Lunch]"
1047104,1705545,Delivered,5/29/18,11:54:19,TRUE,5/29/18 12:15,20.89638333,5.4,712113,6,303000,50000,Cash,Android,Now,"[Food, Lunch]"
1047104,1722895,Delivered,5/31/18,06:09:57,FALSE,5/31/18 10:28,258.4,5.4,716439,7,300000,50000,Cash,Android,Now,"[Food, Lunch]"
1047104,1488993,Delivered,5/2/18,10:27:33,TRUE,5/2/18 12:00,92.87478333,5.4,712113,9,325500,61000,Cash,Android,Now,"[Food, Lunch]"
1047104,1540130,Delivered,5/9/18,10:06:47,TRUE,5/9/18 11:11,64.53538333,5.4,716439,9,405000,74250,Cash,Android,Now,"[Food, Lunch]"
1047133,1488860,Delivered,5/2/18,09:42:36,TRUE,5/2/18 10:18,35.92933333,2.9,664771,2,175500,0,Cash,iOS,Now,"[Food, Lunch]"
1047133,1788507,Delivered,6/7/18,13:59:11,TRUE,6/7/18 14:18,19.45,2.1,674391,2,67500,0,Cash,iOS,Now,[Food]
1047133,1789349,Delivered,6/7/18,14:46:53,TRUE,6/7/18 15:14,27.75,2.1,674391,2,60000,0,Cash,iOS,Now,[Food]
1047179,1777062,Delivered,6/6/18,12:23:01,TRUE,6/6/18 13:10,47.15,0.6,14891,2,168300,0,Cash,iOS,Foody,"[Food, Lunch]"
1047179,1739657,Delivered,6/1/18,17:37:19,TRUE,6/1/18 18:13,35.71666667,2.4,85879,8,84000,0,Cash,iOS,Now,[Food]
1047179,1660325,Delivered,5/23/18,20:06:01,TRUE,5/23/18 20:56,50.38333333,2.8,264605,4,643500,0,Cash,Android,Foody,[Food]
1047187,1519230,Delivered,5/6/18,13:17:16,TRUE,5/6/18 13:35,18.03511666,1.6,722458,3,180000,24500,Cash,Web,Foody,[Food]
1047209,1483682,Delivered,5/1/18,12:47:26,TRUE,5/1/18 13:54,67.54783334,7,47666,7,406500,0,Cash,Web,Now,[Food]
1047210,1692820,Delivered,5/27/18,17:14:34,TRUE,5/27/18 17:41,26.86666667,1.7,283620,4,187500,0,Cash,Android,Foody,[Food]
1047223,1518915,Delivered,5/6/18,12:53:31,TRUE,5/6/18 13:32,39.42645,1.9,9427,3,159000,20750,External(Airpay),iOS,Now,[Food]
1047223,1525844,Delivered,5/7/18,12:27:47,TRUE,5/7/18 13:17,49.89706666,5.4,716439,4,225000,49250,External(Airpay),iOS,Now,"[Food, Lunch]"
1047223,1654753,Delivered,5/23/18,12:23:03,TRUE,5/23/18 12:59,36.70028334,2.9,664771,3,216000,30300,External(Airpay),iOS,Now,"[Food, Lunch]"
1047229,1820418,Delivered,6/10/18,20:35:34,TRUE,6/10/18 20:58,23.1,1.4,277601,2,120000,0,Cash,iOS,Foody,"[Food, Lunch]"
1047229,1727492,Delivered,5/31/18,14:46:05,TRUE,5/31/18 15:05,19.23333333,1.4,277601,3,172500,0,Cash,iOS,Foody,"[Food, Lunch]"
1047229,1490969,Delivered,5/2/18,13:47:53,TRUE,5/2/18 14:59,71.70188333,1.4,277601,2,120000,0,Cash,iOS,Foody,"[Food, Lunch]"
1047229,1504230,Delivered,5/4/18,12:05:10,TRUE,5/4/18 13:33,88.34173333,1.4,277601,2,120000,0,Cash,iOS,Foody,"[Food, Lunch]"
1047263,1601611,Cancel,5/16/18,20:50:57,TRUE,,,3.2,1630,3,261000,0,External(Airpay),iOS,Now,[Food]
1047263,1601646,Delivered,5/16/18,20:55:01,TRUE,5/16/18 21:49,54.13511667,3.2,1630,4,363000,0,Cash,iOS,Now,[Food]
1047324,1820447,Delivered,6/10/18,20:38:11,FALSE,6/10/18 21:21,43.58333333,1.7,5999,2,168000,0,Cash,iOS,Now,"[Food, Lunch]"
1047324,1572384,Delivered,5/13/18,11:05:54,FALSE,5/13/18 11:41,35.10723333,1.7,5999,6,325500,17775,Cash,iOS,Now,"[Food, Lunch]"
1047334,1621145,Cancel,5/18/18,23:40:59,TRUE,,,2.6,47798,2,532500,0,Cash,iOS,Foody,[Food]
1047341,1633924,Delivered,5/20/18,17:45:45,TRUE,5/20/18 18:54,68.97216667,4.8,49674,2,205500,0,Cash,iOS,Now,"[Food, Drink]"
1047427,1766519,Delivered,6/5/18,10:56:30,FALSE,6/5/18 11:34,37.53333333,1.8,3100,4,54000,0,Cash,Android,Now,[Food]
1047444,1649025,Delivered,5/22/18,15:25:07,TRUE,5/22/18 15:43,17.93966666,0.7,269384,1,52500,0,Cash,iOS,Foody,[Food]
1047444,1658565,Delivered,5/23/18,16:55:50,TRUE,5/23/18 17:09,13.91216667,0.7,269384,3,97500,0,Cash,iOS,Foody,[Food]
1047479,1506091,Delivered,5/4/18,14:46:41,TRUE,5/4/18 15:43,56.89361666,1.8,273297,3,202500,0,Cash,iOS,Now,"[Food, Lunch]"
1047565,1509188,Cancel,5/4/18,20:08:56,TRUE,,,2.6,683424,1,187500,0,Cash,iOS,Now,[Food]
1047580,1545507,Delivered,5/9/18,17:59:01,TRUE,5/9/18 18:27,28.61655,0.4,276116,2,91500,0,Cash,Android,Now,[Food]
1047628,1660786,Delivered,5/23/18,20:57:27,TRUE,5/23/18 21:42,45.34343333,2.4,241170,7,180000,0,Cash,iOS,Foody,[Food]
1047628,1649918,Delivered,5/22/18,16:37:50,TRUE,5/22/18 17:04,26.2051,0.9,241170,8,195000,0,Cash,iOS,Foody,[Food]
1047630,1571146,Delivered,5/12/18,20:38:24,TRUE,5/12/18 21:05,27.3495,0.9,734373,2,75000,10000,External(Airpay),Android,Now,[Food]
1047630,1502465,Delivered,5/3/18,21:04:24,TRUE,5/3/18 21:22,17.98695,0.8,629296,1,67500,10000,External(Airpay),Android,Now,[Food]
1047630,1516287,Delivered,5/5/18,20:28:34,TRUE,5/5/18 21:04,35.64595,2.9,9427,3,78000,10000,External(Airpay),Android,Now,[Food]
1047630,1577491,Delivered,5/13/18,19:39:32,TRUE,5/13/18 19:58,18.79506667,0.8,133459,3,69000,10000,External(Airpay),Android,Now,[Food]
1047630,1611653,Delivered,5/17/18,20:40:39,TRUE,5/17/18 20:59,18.8,2,135675,2,75000,10000,External(Airpay),Android,Now,[Food]
1047630,1484462,Delivered,5/1/18,14:02:29,TRUE,5/1/18 14:40,37.75505,0.1,664903,3,75000,10000,External(Airpay),Android,Now,[Food]
611118,1531535,Delivered,5/7/18,23:19:51,TRUE,5/7/18 23:50,30.24571666,0.8,629296,1,67500,10000,External(Airpay),Android,Now,[Food]
611128,1759119,Delivered,6/4/18,12:00:29,TRUE,6/4/18 12:34,34.08333333,2.3,720899,2,105000,0,Cash,iOS,Now,"[Food, Lunch]"
611138,1768416,Delivered,6/5/18,13:05:19,TRUE,6/5/18 13:35,30.3,1.7,250499,1,127500,0,Cash,iOS,Now,[Food]
611138,1588000,Delivered,5/15/18,12:44:51,TRUE,5/15/18 13:04,20.07938333,0.5,208287,1,495000,0,Cash,iOS,Now,[Food]
611138,1545479,Delivered,5/9/18,17:55:33,TRUE,5/9/18 18:19,24.25433333,1,158824,2,67500,0,Cash,iOS,Now,[Food]
611153,1501669,Cancel,5/3/18,19:32:51,TRUE,,,4.4,675712,1,48000,0,PayNow,Android,Now,"[Food, Drink]"
611153,1501695,Cancel,5/3/18,19:35:58,TRUE,,,4.4,675712,1,141000,0,PayNow,Android,Now,"[Food, Drink]"
611160,1483951,Delivered,5/1/18,13:10:41,FALSE,5/1/18 13:51,40.85366667,1.4,273297,2,127500,0,Cash,Android,Now,"[Food, Lunch]"
611169,1727587,Delivered,5/31/18,14:50:49,TRUE,5/31/18 15:32,41.45,8.2,722735,2,150000,46850,External(Airpay),iOS,Now,[Food]
611169,1586695,Delivered,5/15/18,11:10:35,TRUE,5/15/18 12:05,55.22905,5.3,690697,1,48000,15000,External(Airpay),iOS,Now,"[Food, Lunch]"
611169,1613735,Delivered,5/18/18,11:40:34,TRUE,5/18/18 12:48,67.89761667,7.2,690697,1,67500,15000,External(Airpay),iOS,Now,"[Food, Lunch]"
611169,1690160,Delivered,5/27/18,13:10:43,TRUE,5/27/18 13:33,22.41,3.7,43258,2,150000,31180,External(Airpay),iOS,Now,"[Food, Lunch]"
611307,1801817,Delivered,6/8/18,17:30:33,TRUE,6/8/18 18:41,70.65,3.9,291581,4,270000,0,Cash,iOS,Foody,[Food]
611315,1504354,Delivered,5/4/18,12:14:42,TRUE,5/4/18 12:58,44.03733333,1.6,720745,8,208500,0,Cash,Android,Now,"[Food, Lunch]"
611324,1676384,Delivered,5/25/18,16:23:19,TRUE,5/25/18 16:40,17.04943333,2.3,1630,3,285000,0,Cash,Web,Foody,[Food]
611325,1519397,Delivered,5/6/18,13:30:32,TRUE,5/6/18 14:03,33.11678333,1.6,115675,1,138600,0,Cash,iOS,Foody,[Food]
611326,1793036,Delivered,6/7/18,18:59:56,TRUE,6/7/18 19:42,42.43333333,4.1,129509,9,153000,12660,Cash,Android,Now,[Food]
611342,1516320,Delivered,5/5/18,20:32:15,TRUE,5/5/18 21:01,28.83116667,1.6,2058,2,202500,0,Cash,iOS,Foody,[Food]
611344,1716149,Delivered,5/30/18,12:40:34,TRUE,5/30/18 13:22,42.33333333,4.1,657625,2,105000,0,Cash,iOS,Foody,[Food]
611345,1814241,Delivered,6/10/18,11:37:24,TRUE,6/10/18 12:36,58.61666667,6.1,736421,2,172500,34155,External(Airpay),iOS,Now,[Food]
611365,1500784,Delivered,5/3/18,17:57:24,FALSE,5/3/18 18:49,51.64111667,1,668838,2,73500,0,Cash,Web,Now,[Food]
611365,1508289,Cancel,5/4/18,18:24:02,FALSE,,,1.1,705182,4,180000,0,Cash,Web,Now,"[Food, Lunch]"
611365,1510331,Delivered,5/5/18,09:46:51,TRUE,5/5/18 10:07,20.99106667,1,728077,4,120000,0,Cash,Web,Now,"[Food, Lunch]"
611365,1515033,Cancel,5/5/18,18:17:57,TRUE,,,1,668838,2,66000,0,Cash,Web,Now,[Food]
611365,1507658,Cancel,5/4/18,17:10:38,TRUE,,,0.7,668838,3,106500,0,Cash,iOS,Foody,[Food]
611365,1521486,Delivered,5/6/18,17:03:18,TRUE,5/6/18 17:39,35.76343333,0.7,668838,3,114000,0,Cash,iOS,Foody,[Food]
611377,1549214,Delivered,5/10/18,12:08:23,TRUE,5/10/18 12:26,18.21583333,1.4,4663,2,105000,0,Cash,Web,Foody,[Food]
611377,1603704,Delivered,5/17/18,11:46:31,TRUE,5/17/18 12:03,17.34755,1.4,4663,2,105000,0,Cash,Web,Foody,[Food]
611378,1667741,Cancel,5/24/18,16:54:40,TRUE,,,4,90881,11,300000,0,Cash,iOS,Now,[Food]
611388,1620813,Delivered,5/18/18,21:36:40,TRUE,5/18/18 22:09,33.16666667,3.2,243254,3,79500,0,Cash,iOS,Foody,[Food]
611388,1650123,Delivered,5/22/18,16:57:03,TRUE,5/22/18 17:35,38.47821666,3.2,243254,4,90000,0,Cash,iOS,Foody,[Food]
611393,1653645,Delivered,5/23/18,10:59:20,TRUE,5/23/18 11:37,37.80688333,1.5,693700,3,150000,25875,Cash,iOS,Foody,"[Food, Lunch]"
611393,1662294,Delivered,5/24/18,11:04:21,TRUE,5/24/18 12:15,70.78461667,1.1,693700,3,172500,29250,Cash,iOS,Foody,"[Food, Lunch]"
611393,1705557,Delivered,5/29/18,11:55:02,TRUE,5/29/18 12:07,12.05,0.7,98059,3,202500,15500,Cash,iOS,Foody,"[Food, Lunch]"
611393,1623540,Delivered,5/19/18,13:18:58,TRUE,5/19/18 13:40,21.39023333,0.8,90881,8,162000,0,Cash,iOS,Foody,[Food]
611401,1572993,Delivered,5/13/18,12:08:14,TRUE,5/13/18 12:29,21.51283333,0.9,202517,2,57000,0,Cash,Android,Foody,"[Food, Lunch]"
611407,1808271,Delivered,6/9/18,14:41:18,TRUE,6/9/18 15:12,31.61666667,1,715426,2,60000,0,Cash,Web,Now,"[Food, Lunch]"
611412,1745905,Cancel,6/2/18,15:24:13,TRUE,,,5.3,155719,4,285000,0,Cash,iOS,Foody,[Food]
611412,1756718,Delivered,6/3/18,19:56:29,TRUE,6/3/18 21:03,66.53333333,2.1,684118,3,249000,0,Cash,iOS,Foody,"[Food, Lunch]"
611412,1670677,Cancel,5/24/18,21:34:12,TRUE,,,2.3,4821,2,255000,0,Cash,iOS,Foody,[Food]
611412,1670823,Delivered,5/24/18,21:53:58,TRUE,5/24/18 22:49,56,10.5,93324,4,270000,0,Cash,iOS,Foody,[Food]
611412,1793540,Delivered,6/7/18,19:40:27,TRUE,6/7/18 20:54,74.41666667,9,721437,12,142500,0,Cash,iOS,Foody,"[Food, Lunch]"
611412,1494385,Delivered,5/2/18,20:03:14,TRUE,5/2/18 21:05,62.5004,3.4,53678,4,195000,0,Cash,iOS,Foody,"[Food, Drink]"
611434,1616904,Delivered,5/18/18,15:12:03,TRUE,5/18/18 15:59,47.26666667,2.1,652563,4,150000,0,Cash,iOS,Now,"[Food, Lunch]"
611439,1578436,Cancel,5/13/18,21:24:59,TRUE,,,1.7,3550,2,70500,0,Cash,Android,Foody,"[Food, Lunch]"
611439,1600026,Delivered,5/16/18,17:55:14,FALSE,5/16/18 19:39,104.55,3,684277,1,60000,0,Cash,Android,Foody,[Food]
611451,1722055,Delivered,5/30/18,20:43:47,TRUE,5/30/18 21:15,31.31666667,2.8,43258,8,240000,36000,Cash,iOS,Foody,"[Food, Lunch]"
611453,1542088,Delivered,5/9/18,13:07:45,TRUE,5/9/18 13:36,28.88105,0.8,666880,3,120000,0,Cash,Android,Foody,"[Food, Lunch]"
611453,1623451,Delivered,5/19/18,13:12:45,TRUE,5/19/18 13:56,43.83633333,0.8,666880,2,105000,0,Cash,Android,Foody,"[Food, Lunch]"
611469,1623955,Delivered,5/19/18,13:49:43,TRUE,5/19/18 14:31,41.38588333,2.7,270023,2,115500,0,Cash,Android,Now,[Food]
611469,1726337,Delivered,5/31/18,13:38:02,TRUE,5/31/18 14:11,33,2.7,270023,2,111000,0,Cash,Android,Now,[Food]
611469,1759641,Delivered,6/4/18,12:36:55,TRUE,6/4/18 13:08,31.96666667,2.7,270023,2,100500,0,Cash,Android,Now,[Food]
611469,1796287,Delivered,6/8/18,11:27:22,TRUE,6/8/18 12:08,40.91666667,2.7,270023,1,73500,0,Cash,Android,Now,[Food]
611469,1698028,Delivered,5/28/18,12:54:41,TRUE,5/28/18 13:43,48.36666667,2.5,286941,1,87000,0,Cash,Android,Now,"[Food, Drink]"
611492,1670525,Delivered,5/24/18,21:17:00,TRUE,5/24/18 21:48,31.64276667,2.1,311684,2,159000,12600,Cash,Android,Now,[Food]
611492,1642546,Delivered,5/21/18,18:31:03,TRUE,5/21/18 19:05,34.29411666,1.3,270735,4,259500,0,Cash,Android,Now,"[Food, Lunch]"
611492,1658545,Delivered,5/23/18,16:53:49,TRUE,5/23/18 17:22,28.94111667,2.1,311684,2,138000,0,Cash,Android,Now,[Food]
611494,1785634,Delivered,6/7/18,11:29:08,TRUE,6/7/18 11:45,16.15,1,80140,9,180000,0,Cash,Web,Now,[Food]
611496,1491945,Delivered,5/2/18,15:18:44,FALSE,5/2/18 16:39,80.35571667,6.3,85879,6,60000,0,Cash,Web,Now,[Food]
611515,1628077,Cancel,5/19/18,21:01:57,TRUE,,,5,737118,3,285000,0,Cash,Web,Foody,[Food]
611519,1518201,Delivered,5/6/18,11:57:21,TRUE,5/6/18 12:48,50.87126667,2.9,7191,7,174000,23700,External(Airpay),iOS,Now,"[Food, Lunch]"
611519,1518241,Delivered,5/6/18,12:00:39,TRUE,5/6/18 12:48,47.47783333,2.9,7191,6,195000,23700,External(Airpay),iOS,Now,"[Food, Lunch]"
611531,1714813,Delivered,5/30/18,11:17:42,TRUE,5/30/18 11:57,39.88333333,1.2,696686,6,154500,29500,Cash,Android,Now,"[Food, Lunch]"
611531,1758150,Delivered,6/4/18,09:45:03,TRUE,6/4/18 10:12,27.65,3.3,43258,3,150000,14975,Cash,Android,Now,"[Food, Lunch]"
611539,1680236,Delivered,5/26/18,10:15:40,FALSE,5/26/18 12:13,118.2166667,1,712113,4,285000,43250,External(Airpay),Web,Now,"[Food, Lunch]"
611539,1682642,Cancel,5/26/18,13:41:24,TRUE,,,2.5,737936,6,262500,53750,External(Airpay),Web,Now,"[Dessert, Food, Drink]"
611539,1507978,Delivered,5/4/18,17:48:21,TRUE,5/4/18 18:38,50.43883334,1,712113,4,210000,45000,External(Airpay),Web,Now,"[Food, Lunch]"
611539,1526899,Delivered,5/7/18,13:58:20,TRUE,5/7/18 14:40,42.5625,1,712113,10,352500,62500,Cash,Web,Now,"[Food, Lunch]"
611560,1622084,Delivered,5/19/18,11:36:14,TRUE,5/19/18 12:09,33.65778333,0.9,673775,3,136500,0,Cash,iOS,Now,"[Food, Lunch]"
611562,1558822,Delivered,5/11/18,12:51:04,TRUE,5/11/18 13:41,50.76666667,3,3244,19,663000,0,Cash,iOS,Now,"[Food, Lunch]"
611573,1576016,Delivered,5/13/18,16:54:10,TRUE,5/13/18 17:18,23.9,1.3,1630,2,159000,0,Cash,iOS,Foody,[Food]
611613,1641755,Delivered,5/21/18,17:00:09,TRUE,5/21/18 17:17,17.78361667,1.5,77762,1,69000,0,Cash,Web,Foody,[Food]
611631,1738347,Delivered,6/1/18,15:43:11,TRUE,6/1/18 16:47,64.15856667,3.1,35604,3,73500,0,Cash,Android,Now,"[Food, Lunch]"
611631,1513828,Delivered,5/5/18,15:54:15,TRUE,5/5/18 16:27,33.68316667,6,723966,2,109500,0,Cash,Web,Now,"[Food, Lunch]"
611631,1801443,Delivered,6/8/18,16:56:38,TRUE,6/8/18 17:33,36.66666667,3.1,35604,1,43500,0,Cash,Android,Now,"[Food, Lunch]"
611631,1737782,Delivered,6/1/18,15:05:35,TRUE,6/1/18 15:42,37.2,3.1,35604,6,133500,0,Cash,Android,Now,"[Food, Lunch]"
611631,1513616,Delivered,5/5/18,15:31:35,TRUE,5/5/18 16:24,52.98166667,6.5,728456,2,114000,0,Cash,Web,Now,"[Food, Lunch]"
611642,1705575,Delivered,5/29/18,11:55:59,TRUE,5/29/18 12:30,34.88333333,1.5,14891,3,297000,0,Cash,iOS,Foody,"[Food, Lunch]"
611644,1734705,Delivered,6/1/18,11:47:08,FALSE,6/1/18 15:56,249.2666667,5.2,30355,4,540000,0,Cash,Android,Foody,[Food]
611654,1654401,Delivered,5/23/18,12:02:00,TRUE,5/23/18 12:19,17.37426667,2.9,675250,2,105000,0,Cash,iOS,Foody,"[Food, Drink]"
611654,1615250,Delivered,5/18/18,13:15:55,TRUE,5/18/18 13:33,17.44971667,2.9,675250,2,102000,0,Cash,iOS,Foody,"[Food, Drink]"
611654,1736727,Delivered,6/1/18,13:53:50,TRUE,6/1/18 14:12,19.08333333,2.8,675250,2,105000,0,Cash,iOS,Foody,"[Food, Drink]"
611654,1788251,Delivered,6/7/18,13:42:19,TRUE,6/7/18 14:00,18.05,2.8,675250,2,94500,0,Cash,iOS,Foody,"[Food, Drink]"
611659,1529639,Delivered,5/7/18,18:42:41,TRUE,5/7/18 19:36,54.1965,2,269384,4,133500,0,Cash,Web,Now,[Food]
611663,1716273,Delivered,5/30/18,12:48:33,TRUE,5/30/18 13:28,39.65,0.8,635878,19,187500,0,Cash,iOS,Foody,"[Food, Drink]"
611673,1715252,Delivered,5/30/18,11:50:24,TRUE,5/30/18 12:25,34.91666667,1.8,132687,7,361500,0,Cash,Android,Now,"[Food, Drink]"
611673,1657596,Delivered,5/23/18,15:37:41,FALSE,5/23/18 16:59,81.37171667,9.8,664771,4,303000,39120,Cash,Android,Foody,"[Food, Lunch]"
611689,1621179,Delivered,5/19/18,04:13:46,FALSE,5/19/18 12:46,512.3207333,10.1,40165,24,2446500,0,VNPay,iOS,Now,[Food]
611694,1755903,Delivered,6/3/18,18:35:13,TRUE,6/3/18 19:04,29.6,0.5,2749,48,339000,0,Cash,Android,Foody,"[Food, Drink]"
611770,1584182,Delivered,5/14/18,18:33:16,TRUE,5/14/18 19:17,44.26395,4,664632,7,261000,0,Cash,Android,Foody,"[Food, Lunch]"
611770,1515449,Delivered,5/5/18,19:03:21,TRUE,5/5/18 19:53,49.96178333,4,664632,8,304500,0,Cash,iOS,Foody,"[Food, Lunch]"
611770,1801785,Delivered,6/8/18,17:27:31,TRUE,6/8/18 18:15,48.18333333,4,664632,8,304500,0,Cash,iOS,Foody,"[Food, Lunch]"
611770,1731021,Delivered,5/31/18,18:37:44,TRUE,5/31/18 19:37,59.85,4,664632,7,261000,0,Cash,Android,Foody,"[Food, Lunch]"
611770,1634758,Delivered,5/20/18,19:00:20,TRUE,5/20/18 19:55,55.61276667,4,664632,12,478500,0,Cash,iOS,Foody,"[Food, Lunch]"
611770,1500417,Delivered,5/3/18,17:14:52,TRUE,5/3/18 17:59,44.75016667,4,664632,9,342000,0,Cash,Android,Foody,"[Food, Lunch]"
611770,1818870,Delivered,6/10/18,18:20:37,TRUE,6/10/18 19:10,50.18333333,4,664632,8,304500,0,Cash,Android,Foody,"[Food, Lunch]"
611770,1692968,Delivered,5/27/18,17:30:45,TRUE,5/27/18 18:23,52.6,4,664632,4,174000,0,Cash,Android,Foody,"[Food, Lunch]"
611787,1733462,Delivered,5/31/18,22:50:52,TRUE,5/31/18 23:43,52.78333333,1.9,737575,7,150000,30000,Cash,Android,Foody,"[Food, Drink]"
611792,1759732,Delivered,6/4/18,12:43:19,TRUE,6/4/18 13:04,21.41666667,0.2,709528,2,120000,0,Cash,iOS,Now,"[Food, Lunch]"
611799,1692786,Delivered,5/27/18,17:11:10,TRUE,5/27/18 17:43,32.324,6.1,1630,3,225000,0,Cash,Android,Now,[Food]
611799,1812054,Delivered,6/9/18,20:19:03,TRUE,6/9/18 21:20,61.03333333,5.3,1630,3,234000,0,Cash,Android,Now,[Food]
611799,1577648,Delivered,5/13/18,19:56:06,TRUE,5/13/18 20:37,41.63711667,5.3,1630,2,144000,0,Cash,Android,Now,[Food]
611803,1512781,Delivered,5/5/18,14:09:33,TRUE,5/5/18 15:09,60.33333333,0.7,156845,3,195000,0,Cash,iOS,Foody,[Food]
611803,1568289,Delivered,5/12/18,15:26:10,TRUE,5/12/18 15:46,20.08333333,1.4,719159,3,210000,0,Cash,iOS,Foody,"[Food, Lunch]"
611882,1630706,Delivered,5/20/18,12:59:19,TRUE,5/20/18 13:30,31.59933333,1.1,264605,2,676500,0,Cash,iOS,Now,[Food]